input,language,decidability,target_expert,allowed_experts,difficulty,group_id,source_type,source_id,record_type,ko_node_ids,ood_flag,boundary_flag,quality_status,notes
"ما موضوع «الرياضيات» وما الكيانات والمفاهيم الأساسية التي يتناولها؟ (The formal study of quantity, structure, space, change, uncertainty, and patterns through abstraction, deduction, and proof.)",mixed,decisive,O_subject_ontology,,easy,math,curriculum_generated,src-ko-curriculum-v0.1,question_answer,ko.math.v0.1.math,false,false,approved,curriculum_generated from ko.math.v0.1.math; lens=O; owner_approved_2026-09-05
عند دراسة «الرياضيات»: ما المراجع والأدلة الأساسية التي يستند إليها هذا الموضوع، وكيف نقيّم قوة كل دليل؟,ar,decisive,E_source_evidence,,easy,math,curriculum_generated,src-ko-curriculum-v0.1,question_answer,ko.math.v0.1.math,false,false,approved,curriculum_generated from ko.math.v0.1.math; lens=E; owner_approved_2026-09-05
كيف يرتبط «الرياضيات» بموضوعه الأب «المستوى الأعلى»؟ وما المفاهيم المجاورة التي تندرج معه تحت التخصص نفسه وما الحدود الفاصلة بينها؟,ar,decisive,R_structure_relations,,easy,math,curriculum_generated,src-ko-curriculum-v0.1,question_answer,ko.math.v0.1.math,false,false,approved,curriculum_generated from ko.math.v0.1.math; lens=R; owner_approved_2026-09-05
ما معايير صحة المناهج والبراهين المستخدمة في «الرياضيات»؟ وكيف نتحقق من صحة نتيجة قبل قبولها في هذا المجال؟,ar,decisive,M_method_validation,,easy,math,curriculum_generated,src-ko-curriculum-v0.1,question_answer,ko.math.v0.1.math,false,false,approved,curriculum_generated from ko.math.v0.1.math; lens=M; owner_approved_2026-09-05
كيف نطبق مفاهيم «الرياضيات» في مسألة عملية؟ اشرح خطوات الحل بمثال متدرج.,ar,decisive,A_function_application,,easy,math,curriculum_generated,src-ko-curriculum-v0.1,question_answer,ko.math.v0.1.math,false,false,approved,curriculum_generated from ko.math.v0.1.math; lens=A; owner_approved_2026-09-05
كيف تطورت «الرياضيات» تاريخيًا؟ وما المشكلات التي أحدثت ولادتها وأبرز المحطات في تطورها؟,ar,decisive,T_time_evolution,,easy,math,curriculum_generated,src-ko-curriculum-v0.1,question_answer,ko.math.v0.1.math,false,false,approved,curriculum_generated from ko.math.v0.1.math; lens=T; owner_approved_2026-09-05
ما أثر «الرياضيات» على الإنسان وأصحاب المصلحة؟ وأين تظهر تطبيقاته العملية في الحياة والصناعة؟,ar,decisive,H_human_value_context,,easy,math,curriculum_generated,src-ko-curriculum-v0.1,question_answer,ko.math.v0.1.math,false,false,approved,curriculum_generated from ko.math.v0.1.math; lens=H; owner_approved_2026-09-05
"ما موضوع «الجبر» وما الكيانات والمفاهيم الأساسية التي يتناولها؟ (The study of algebraic structures, operations, equations, and the relationships preserved by algebraic transformations.)",mixed,decisive,O_subject_ontology,,easy,math.algebra,curriculum_generated,src-ko-curriculum-v0.1,question_answer,ko.math.v0.1.math.algebra,false,false,approved,curriculum_generated from ko.math.v0.1.math.algebra; lens=O; owner_approved_2026-09-05
عند دراسة «الجبر»: ما المراجع والأدلة الأساسية التي يستند إليها هذا الموضوع، وكيف نقيّم قوة كل دليل؟,ar,decisive,E_source_evidence,,easy,math.algebra,curriculum_generated,src-ko-curriculum-v0.1,question_answer,ko.math.v0.1.math.algebra,false,false,approved,curriculum_generated from ko.math.v0.1.math.algebra; lens=E; owner_approved_2026-09-05
كيف يرتبط «الجبر» بموضوعه الأب «الرياضيات»؟ وما المفاهيم المجاورة التي تندرج معه تحت التخصص نفسه وما الحدود الفاصلة بينها؟,ar,decisive,R_structure_relations,,easy,math.algebra,curriculum_generated,src-ko-curriculum-v0.1,question_answer,ko.math.v0.1.math.algebra,false,false,approved,curriculum_generated from ko.math.v0.1.math.algebra; lens=R; owner_approved_2026-09-05
ما معايير صحة المناهج والبراهين المستخدمة في «الجبر»؟ وكيف نتحقق من صحة نتيجة قبل قبولها في هذا المجال؟,ar,decisive,M_method_validation,,easy,math.algebra,curriculum_generated,src-ko-curriculum-v0.1,question_answer,ko.math.v0.1.math.algebra,false,false,approved,curriculum_generated from ko.math.v0.1.math.algebra; lens=M; owner_approved_2026-09-05
كيف نطبق مفاهيم «الجبر» في مسألة عملية؟ اشرح خطوات الحل بمثال متدرج.,ar,decisive,A_function_application,,easy,math.algebra,curriculum_generated,src-ko-curriculum-v0.1,question_answer,ko.math.v0.1.math.algebra,false,false,approved,curriculum_generated from ko.math.v0.1.math.algebra; lens=A; owner_approved_2026-09-05
كيف تطورت «الجبر» تاريخيًا؟ وما المشكلات التي أحدثت ولادتها وأبرز المحطات في تطورها؟,ar,decisive,T_time_evolution,,easy,math.algebra,curriculum_generated,src-ko-curriculum-v0.1,question_answer,ko.math.v0.1.math.algebra,false,false,approved,curriculum_generated from ko.math.v0.1.math.algebra; lens=T; owner_approved_2026-09-05
ما أثر «الجبر» على الإنسان وأصحاب المصلحة؟ وأين تظهر تطبيقاته العملية في الحياة والصناعة؟,ar,decisive,H_human_value_context,,easy,math.algebra,curriculum_generated,src-ko-curriculum-v0.1,question_answer,ko.math.v0.1.math.algebra,false,false,approved,curriculum_generated from ko.math.v0.1.math.algebra; lens=H; owner_approved_2026-09-05
"ما موضوع «التحليل الرياضي» وما الكيانات والمفاهيم الأساسية التي يتناولها؟ (The study of limits, continuity, approximation, infinite processes, and functions of real or complex variables.)",mixed,decisive,O_subject_ontology,,easy,math.analysis,curriculum_generated,src-ko-curriculum-v0.1,question_answer,ko.math.v0.1.math.analysis,false,false,approved,curriculum_generated from ko.math.v0.1.math.analysis; lens=O; owner_approved_2026-09-05
عند دراسة «التحليل الرياضي»: ما المراجع والأدلة الأساسية التي يستند إليها هذا الموضوع، وكيف نقيّم قوة كل دليل؟,ar,decisive,E_source_evidence,,easy,math.analysis,curriculum_generated,src-ko-curriculum-v0.1,question_answer,ko.math.v0.1.math.analysis,false,false,approved,curriculum_generated from ko.math.v0.1.math.analysis; lens=E; owner_approved_2026-09-05
كيف يرتبط «التحليل الرياضي» بموضوعه الأب «الرياضيات»؟ وما المفاهيم المجاورة التي تندرج معه تحت التخصص نفسه وما الحدود الفاصلة بينها؟,ar,decisive,R_structure_relations,,easy,math.analysis,curriculum_generated,src-ko-curriculum-v0.1,question_answer,ko.math.v0.1.math.analysis,false,false,approved,curriculum_generated from ko.math.v0.1.math.analysis; lens=R; owner_approved_2026-09-05
ما معايير صحة المناهج والبراهين المستخدمة في «التحليل الرياضي»؟ وكيف نتحقق من صحة نتيجة قبل قبولها في هذا المجال؟,ar,decisive,M_method_validation,,easy,math.analysis,curriculum_generated,src-ko-curriculum-v0.1,question_answer,ko.math.v0.1.math.analysis,false,false,approved,curriculum_generated from ko.math.v0.1.math.analysis; lens=M; owner_approved_2026-09-05
كيف نطبق مفاهيم «التحليل الرياضي» في مسألة عملية؟ اشرح خطوات الحل بمثال متدرج.,ar,decisive,A_function_application,,easy,math.analysis,curriculum_generated,src-ko-curriculum-v0.1,question_answer,ko.math.v0.1.math.analysis,false,false,approved,curriculum_generated from ko.math.v0.1.math.analysis; lens=A; owner_approved_2026-09-05
كيف تطورت «التحليل الرياضي» تاريخيًا؟ وما المشكلات التي أحدثت ولادتها وأبرز المحطات في تطورها؟,ar,decisive,T_time_evolution,,easy,math.analysis,curriculum_generated,src-ko-curriculum-v0.1,question_answer,ko.math.v0.1.math.analysis,false,false,approved,curriculum_generated from ko.math.v0.1.math.analysis; lens=T; owner_approved_2026-09-05
ما أثر «التحليل الرياضي» على الإنسان وأصحاب المصلحة؟ وأين تظهر تطبيقاته العملية في الحياة والصناعة؟,ar,decisive,H_human_value_context,,easy,math.analysis,curriculum_generated,src-ko-curriculum-v0.1,question_answer,ko.math.v0.1.math.analysis,false,false,approved,curriculum_generated from ko.math.v0.1.math.analysis; lens=H; owner_approved_2026-09-05
"ما موضوع «الاحتمالات والإحصاء» وما الكيانات والمفاهيم الأساسية التي يتناولها؟ (The mathematical study of uncertainty, random phenomena, data variation, inference, and decision under uncertainty.)",mixed,decisive,O_subject_ontology,,easy,math.probability-statistics,curriculum_generated,src-ko-curriculum-v0.1,question_answer,ko.math.v0.1.math.probability-statistics,false,false,approved,curriculum_generated from ko.math.v0.1.math.probability-statistics; lens=O; owner_approved_2026-09-05
عند دراسة «الاحتمالات والإحصاء»: ما المراجع والأدلة الأساسية التي يستند إليها هذا الموضوع، وكيف نقيّم قوة كل دليل؟,ar,decisive,E_source_evidence,,easy,math.probability-statistics,curriculum_generated,src-ko-curriculum-v0.1,question_answer,ko.math.v0.1.math.probability-statistics,false,false,approved,curriculum_generated from ko.math.v0.1.math.probability-statistics; lens=E; owner_approved_2026-09-05
كيف يرتبط «الاحتمالات والإحصاء» بموضوعه الأب «الرياضيات»؟ وما المفاهيم المجاورة التي تندرج معه تحت التخصص نفسه وما الحدود الفاصلة بينها؟,ar,decisive,R_structure_relations,,easy,math.probability-statistics,curriculum_generated,src-ko-curriculum-v0.1,question_answer,ko.math.v0.1.math.probability-statistics,false,false,approved,curriculum_generated from ko.math.v0.1.math.probability-statistics; lens=R; owner_approved_2026-09-05
ما معايير صحة المناهج والبراهين المستخدمة في «الاحتمالات والإحصاء»؟ وكيف نتحقق من صحة نتيجة قبل قبولها في هذا المجال؟,ar,decisive,M_method_validation,,easy,math.probability-statistics,curriculum_generated,src-ko-curriculum-v0.1,question_answer,ko.math.v0.1.math.probability-statistics,false,false,approved,curriculum_generated from ko.math.v0.1.math.probability-statistics; lens=M; owner_approved_2026-09-05
كيف نطبق مفاهيم «الاحتمالات والإحصاء» في مسألة عملية؟ اشرح خطوات الحل بمثال متدرج.,ar,decisive,A_function_application,,easy,math.probability-statistics,curriculum_generated,src-ko-curriculum-v0.1,question_answer,ko.math.v0.1.math.probability-statistics,false,false,approved,curriculum_generated from ko.math.v0.1.math.probability-statistics; lens=A; owner_approved_2026-09-05
كيف تطورت «الاحتمالات والإحصاء» تاريخيًا؟ وما المشكلات التي أحدثت ولادتها وأبرز المحطات في تطورها؟,ar,decisive,T_time_evolution,,easy,math.probability-statistics,curriculum_generated,src-ko-curriculum-v0.1,question_answer,ko.math.v0.1.math.probability-statistics,false,false,approved,curriculum_generated from ko.math.v0.1.math.probability-statistics; lens=T; owner_approved_2026-09-05
ما أثر «الاحتمالات والإحصاء» على الإنسان وأصحاب المصلحة؟ وأين تظهر تطبيقاته العملية في الحياة والصناعة؟,ar,decisive,H_human_value_context,,easy,math.probability-statistics,curriculum_generated,src-ko-curriculum-v0.1,question_answer,ko.math.v0.1.math.probability-statistics,false,false,approved,curriculum_generated from ko.math.v0.1.math.probability-statistics; lens=H; owner_approved_2026-09-05
"ما موضوع «الرياضيات المتقطعة» وما الكيانات والمفاهيم الأساسية التي يتناولها؟ (The study of finite, countable, combinatorial, graph-based, and symbolic structures, including foundational discrete reasoning.)",mixed,decisive,O_subject_ontology,,easy,math.discrete-mathematics,curriculum_generated,src-ko-curriculum-v0.1,question_answer,ko.math.v0.1.math.discrete-mathematics,false,false,approved,curriculum_generated from ko.math.v0.1.math.discrete-mathematics; lens=O; owner_approved_2026-09-05
عند دراسة «الرياضيات المتقطعة»: ما المراجع والأدلة الأساسية التي يستند إليها هذا الموضوع، وكيف نقيّم قوة كل دليل؟,ar,decisive,E_source_evidence,,easy,math.discrete-mathematics,curriculum_generated,src-ko-curriculum-v0.1,question_answer,ko.math.v0.1.math.discrete-mathematics,false,false,approved,curriculum_generated from ko.math.v0.1.math.discrete-mathematics; lens=E; owner_approved_2026-09-05
كيف يرتبط «الرياضيات المتقطعة» بموضوعه الأب «الرياضيات»؟ وما المفاهيم المجاورة التي تندرج معه تحت التخصص نفسه وما الحدود الفاصلة بينها؟,ar,decisive,R_structure_relations,,easy,math.discrete-mathematics,curriculum_generated,src-ko-curriculum-v0.1,question_answer,ko.math.v0.1.math.discrete-mathematics,false,false,approved,curriculum_generated from ko.math.v0.1.math.discrete-mathematics; lens=R; owner_approved_2026-09-05
ما معايير صحة المناهج والبراهين المستخدمة في «الرياضيات المتقطعة»؟ وكيف نتحقق من صحة نتيجة قبل قبولها في هذا المجال؟,ar,decisive,M_method_validation,,easy,math.discrete-mathematics,curriculum_generated,src-ko-curriculum-v0.1,question_answer,ko.math.v0.1.math.discrete-mathematics,false,false,approved,curriculum_generated from ko.math.v0.1.math.discrete-mathematics; lens=M; owner_approved_2026-09-05
كيف نطبق مفاهيم «الرياضيات المتقطعة» في مسألة عملية؟ اشرح خطوات الحل بمثال متدرج.,ar,decisive,A_function_application,,easy,math.discrete-mathematics,curriculum_generated,src-ko-curriculum-v0.1,question_answer,ko.math.v0.1.math.discrete-mathematics,false,false,approved,curriculum_generated from ko.math.v0.1.math.discrete-mathematics; lens=A; owner_approved_2026-09-05
كيف تطورت «الرياضيات المتقطعة» تاريخيًا؟ وما المشكلات التي أحدثت ولادتها وأبرز المحطات في تطورها؟,ar,decisive,T_time_evolution,,easy,math.discrete-mathematics,curriculum_generated,src-ko-curriculum-v0.1,question_answer,ko.math.v0.1.math.discrete-mathematics,false,false,approved,curriculum_generated from ko.math.v0.1.math.discrete-mathematics; lens=T; owner_approved_2026-09-05
ما أثر «الرياضيات المتقطعة» على الإنسان وأصحاب المصلحة؟ وأين تظهر تطبيقاته العملية في الحياة والصناعة؟,ar,decisive,H_human_value_context,,easy,math.discrete-mathematics,curriculum_generated,src-ko-curriculum-v0.1,question_answer,ko.math.v0.1.math.discrete-mathematics,false,false,approved,curriculum_generated from ko.math.v0.1.math.discrete-mathematics; lens=H; owner_approved_2026-09-05
"ما موضوع «الهندسة» وما الكيانات والمفاهيم الأساسية التي يتناولها؟ (The study of spatial form, geometric relationships, invariants, and spaces described synthetically, analytically, or differentially.)",mixed,decisive,O_subject_ontology,,easy,math.geometry,curriculum_generated,src-ko-curriculum-v0.1,question_answer,ko.math.v0.1.math.geometry,false,false,approved,curriculum_generated from ko.math.v0.1.math.geometry; lens=O; owner_approved_2026-09-05
عند دراسة «الهندسة»: ما المراجع والأدلة الأساسية التي يستند إليها هذا الموضوع، وكيف نقيّم قوة كل دليل؟,ar,decisive,E_source_evidence,,easy,math.geometry,curriculum_generated,src-ko-curriculum-v0.1,question_answer,ko.math.v0.1.math.geometry,false,false,approved,curriculum_generated from ko.math.v0.1.math.geometry; lens=E; owner_approved_2026-09-05
كيف يرتبط «الهندسة» بموضوعه الأب «الرياضيات»؟ وما المفاهيم المجاورة التي تندرج معه تحت التخصص نفسه وما الحدود الفاصلة بينها؟,ar,decisive,R_structure_relations,,easy,math.geometry,curriculum_generated,src-ko-curriculum-v0.1,question_answer,ko.math.v0.1.math.geometry,false,false,approved,curriculum_generated from ko.math.v0.1.math.geometry; lens=R; owner_approved_2026-09-05
ما معايير صحة المناهج والبراهين المستخدمة في «الهندسة»؟ وكيف نتحقق من صحة نتيجة قبل قبولها في هذا المجال؟,ar,decisive,M_method_validation,,easy,math.geometry,curriculum_generated,src-ko-curriculum-v0.1,question_answer,ko.math.v0.1.math.geometry,false,false,approved,curriculum_generated from ko.math.v0.1.math.geometry; lens=M; owner_approved_2026-09-05
كيف نطبق مفاهيم «الهندسة» في مسألة عملية؟ اشرح خطوات الحل بمثال متدرج.,ar,decisive,A_function_application,,easy,math.geometry,curriculum_generated,src-ko-curriculum-v0.1,question_answer,ko.math.v0.1.math.geometry,false,false,approved,curriculum_generated from ko.math.v0.1.math.geometry; lens=A; owner_approved_2026-09-05
كيف تطورت «الهندسة» تاريخيًا؟ وما المشكلات التي أحدثت ولادتها وأبرز المحطات في تطورها؟,ar,decisive,T_time_evolution,,easy,math.geometry,curriculum_generated,src-ko-curriculum-v0.1,question_answer,ko.math.v0.1.math.geometry,false,false,approved,curriculum_generated from ko.math.v0.1.math.geometry; lens=T; owner_approved_2026-09-05
ما أثر «الهندسة» على الإنسان وأصحاب المصلحة؟ وأين تظهر تطبيقاته العملية في الحياة والصناعة؟,ar,decisive,H_human_value_context,,easy,math.geometry,curriculum_generated,src-ko-curriculum-v0.1,question_answer,ko.math.v0.1.math.geometry,false,false,approved,curriculum_generated from ko.math.v0.1.math.geometry; lens=H; owner_approved_2026-09-05
"ما موضوع «الجبر الخطي» وما الكيانات والمفاهيم الأساسية التي يتناولها؟ (The study of vector spaces, linear maps, matrices, systems of linear equations, and their algebraic invariants.)",mixed,decisive,O_subject_ontology,,medium,math.algebra.linear-algebra,curriculum_generated,src-ko-curriculum-v0.1,question_answer,ko.math.v0.1.math.algebra.linear-algebra,false,false,approved,curriculum_generated from ko.math.v0.1.math.algebra.linear-algebra; lens=O; owner_approved_2026-09-05
عند دراسة «الجبر الخطي»: ما المراجع والأدلة الأساسية التي يستند إليها هذا الموضوع، وكيف نقيّم قوة كل دليل؟,ar,decisive,E_source_evidence,,medium,math.algebra.linear-algebra,curriculum_generated,src-ko-curriculum-v0.1,question_answer,ko.math.v0.1.math.algebra.linear-algebra,false,false,approved,curriculum_generated from ko.math.v0.1.math.algebra.linear-algebra; lens=E; owner_approved_2026-09-05
كيف يرتبط «الجبر الخطي» بموضوعه الأب «الجبر»؟ وما المفاهيم المجاورة التي تندرج معه تحت التخصص نفسه وما الحدود الفاصلة بينها؟,ar,decisive,R_structure_relations,,medium,math.algebra.linear-algebra,curriculum_generated,src-ko-curriculum-v0.1,question_answer,ko.math.v0.1.math.algebra.linear-algebra,false,false,approved,curriculum_generated from ko.math.v0.1.math.algebra.linear-algebra; lens=R; owner_approved_2026-09-05
ما معايير صحة المناهج والبراهين المستخدمة في «الجبر الخطي»؟ وكيف نتحقق من صحة نتيجة قبل قبولها في هذا المجال؟,ar,decisive,M_method_validation,,medium,math.algebra.linear-algebra,curriculum_generated,src-ko-curriculum-v0.1,question_answer,ko.math.v0.1.math.algebra.linear-algebra,false,false,approved,curriculum_generated from ko.math.v0.1.math.algebra.linear-algebra; lens=M; owner_approved_2026-09-05
كيف نطبق مفاهيم «الجبر الخطي» في مسألة عملية؟ اشرح خطوات الحل بمثال متدرج.,ar,decisive,A_function_application,,medium,math.algebra.linear-algebra,curriculum_generated,src-ko-curriculum-v0.1,question_answer,ko.math.v0.1.math.algebra.linear-algebra,false,false,approved,curriculum_generated from ko.math.v0.1.math.algebra.linear-algebra; lens=A; owner_approved_2026-09-05
كيف تطورت «الجبر الخطي» تاريخيًا؟ وما المشكلات التي أحدثت ولادتها وأبرز المحطات في تطورها؟,ar,decisive,T_time_evolution,,medium,math.algebra.linear-algebra,curriculum_generated,src-ko-curriculum-v0.1,question_answer,ko.math.v0.1.math.algebra.linear-algebra,false,false,approved,curriculum_generated from ko.math.v0.1.math.algebra.linear-algebra; lens=T; owner_approved_2026-09-05
ما أثر «الجبر الخطي» على الإنسان وأصحاب المصلحة؟ وأين تظهر تطبيقاته العملية في الحياة والصناعة؟,ar,decisive,H_human_value_context,,medium,math.algebra.linear-algebra,curriculum_generated,src-ko-curriculum-v0.1,question_answer,ko.math.v0.1.math.algebra.linear-algebra,false,false,approved,curriculum_generated from ko.math.v0.1.math.algebra.linear-algebra; lens=H; owner_approved_2026-09-05
"ما موضوع «نظرية الأعداد» وما الكيانات والمفاهيم الأساسية التي يتناولها؟ (The study of integers, prime numbers, congruences, Diophantine problems, and arithmetic structures.)",mixed,decisive,O_subject_ontology,,medium,math.algebra.number-theory,curriculum_generated,src-ko-curriculum-v0.1,question_answer,ko.math.v0.1.math.algebra.number-theory,false,false,approved,curriculum_generated from ko.math.v0.1.math.algebra.number-theory; lens=O; owner_approved_2026-09-05
عند دراسة «نظرية الأعداد»: ما المراجع والأدلة الأساسية التي يستند إليها هذا الموضوع، وكيف نقيّم قوة كل دليل؟,ar,decisive,E_source_evidence,,medium,math.algebra.number-theory,curriculum_generated,src-ko-curriculum-v0.1,question_answer,ko.math.v0.1.math.algebra.number-theory,false,false,approved,curriculum_generated from ko.math.v0.1.math.algebra.number-theory; lens=E; owner_approved_2026-09-05
كيف يرتبط «نظرية الأعداد» بموضوعه الأب «الجبر»؟ وما المفاهيم المجاورة التي تندرج معه تحت التخصص نفسه وما الحدود الفاصلة بينها؟,ar,decisive,R_structure_relations,,medium,math.algebra.number-theory,curriculum_generated,src-ko-curriculum-v0.1,question_answer,ko.math.v0.1.math.algebra.number-theory,false,false,approved,curriculum_generated from ko.math.v0.1.math.algebra.number-theory; lens=R; owner_approved_2026-09-05
ما معايير صحة المناهج والبراهين المستخدمة في «نظرية الأعداد»؟ وكيف نتحقق من صحة نتيجة قبل قبولها في هذا المجال؟,ar,decisive,M_method_validation,,medium,math.algebra.number-theory,curriculum_generated,src-ko-curriculum-v0.1,question_answer,ko.math.v0.1.math.algebra.number-theory,false,false,approved,curriculum_generated from ko.math.v0.1.math.algebra.number-theory; lens=M; owner_approved_2026-09-05
كيف نطبق مفاهيم «نظرية الأعداد» في مسألة عملية؟ اشرح خطوات الحل بمثال متدرج.,ar,decisive,A_function_application,,medium,math.algebra.number-theory,curriculum_generated,src-ko-curriculum-v0.1,question_answer,ko.math.v0.1.math.algebra.number-theory,false,false,approved,curriculum_generated from ko.math.v0.1.math.algebra.number-theory; lens=A; owner_approved_2026-09-05
كيف تطورت «نظرية الأعداد» تاريخيًا؟ وما المشكلات التي أحدثت ولادتها وأبرز المحطات في تطورها؟,ar,decisive,T_time_evolution,,medium,math.algebra.number-theory,curriculum_generated,src-ko-curriculum-v0.1,question_answer,ko.math.v0.1.math.algebra.number-theory,false,false,approved,curriculum_generated from ko.math.v0.1.math.algebra.number-theory; lens=T; owner_approved_2026-09-05
ما أثر «نظرية الأعداد» على الإنسان وأصحاب المصلحة؟ وأين تظهر تطبيقاته العملية في الحياة والصناعة؟,ar,decisive,H_human_value_context,,medium,math.algebra.number-theory,curriculum_generated,src-ko-curriculum-v0.1,question_answer,ko.math.v0.1.math.algebra.number-theory,false,false,approved,curriculum_generated from ko.math.v0.1.math.algebra.number-theory; lens=H; owner_approved_2026-09-05
"ما موضوع «حساب التفاضل والتكامل» وما الكيانات والمفاهيم الأساسية التي يتناولها؟ (The study of change, accumulation, limits, derivatives, integrals, and their extensions to several variables and vector fields.)",mixed,decisive,O_subject_ontology,,medium,math.analysis.calculus,curriculum_generated,src-ko-curriculum-v0.1,question_answer,ko.math.v0.1.math.analysis.calculus,false,false,approved,curriculum_generated from ko.math.v0.1.math.analysis.calculus; lens=O; owner_approved_2026-09-05
عند دراسة «حساب التفاضل والتكامل»: ما المراجع والأدلة الأساسية التي يستند إليها هذا الموضوع، وكيف نقيّم قوة كل دليل؟,ar,decisive,E_source_evidence,,medium,math.analysis.calculus,curriculum_generated,src-ko-curriculum-v0.1,question_answer,ko.math.v0.1.math.analysis.calculus,false,false,approved,curriculum_generated from ko.math.v0.1.math.analysis.calculus; lens=E; owner_approved_2026-09-05
كيف يرتبط «حساب التفاضل والتكامل» بموضوعه الأب «التحليل الرياضي»؟ وما المفاهيم المجاورة التي تندرج معه تحت التخصص نفسه وما الحدود الفاصلة بينها؟,ar,decisive,R_structure_relations,,medium,math.analysis.calculus,curriculum_generated,src-ko-curriculum-v0.1,question_answer,ko.math.v0.1.math.analysis.calculus,false,false,approved,curriculum_generated from ko.math.v0.1.math.analysis.calculus; lens=R; owner_approved_2026-09-05
ما معايير صحة المناهج والبراهين المستخدمة في «حساب التفاضل والتكامل»؟ وكيف نتحقق من صحة نتيجة قبل قبولها في هذا المجال؟,ar,decisive,M_method_validation,,medium,math.analysis.calculus,curriculum_generated,src-ko-curriculum-v0.1,question_answer,ko.math.v0.1.math.analysis.calculus,false,false,approved,curriculum_generated from ko.math.v0.1.math.analysis.calculus; lens=M; owner_approved_2026-09-05
كيف نطبق مفاهيم «حساب التفاضل والتكامل» في مسألة عملية؟ اشرح خطوات الحل بمثال متدرج.,ar,decisive,A_function_application,,medium,math.analysis.calculus,curriculum_generated,src-ko-curriculum-v0.1,question_answer,ko.math.v0.1.math.analysis.calculus,false,false,approved,curriculum_generated from ko.math.v0.1.math.analysis.calculus; lens=A; owner_approved_2026-09-05
كيف تطورت «حساب التفاضل والتكامل» تاريخيًا؟ وما المشكلات التي أحدثت ولادتها وأبرز المحطات في تطورها؟,ar,decisive,T_time_evolution,,medium,math.analysis.calculus,curriculum_generated,src-ko-curriculum-v0.1,question_answer,ko.math.v0.1.math.analysis.calculus,false,false,approved,curriculum_generated from ko.math.v0.1.math.analysis.calculus; lens=T; owner_approved_2026-09-05
ما أثر «حساب التفاضل والتكامل» على الإنسان وأصحاب المصلحة؟ وأين تظهر تطبيقاته العملية في الحياة والصناعة؟,ar,decisive,H_human_value_context,,medium,math.analysis.calculus,curriculum_generated,src-ko-curriculum-v0.1,question_answer,ko.math.v0.1.math.analysis.calculus,false,false,approved,curriculum_generated from ko.math.v0.1.math.analysis.calculus; lens=H; owner_approved_2026-09-05
"ما موضوع «نظرية الاحتمالات» وما الكيانات والمفاهيم الأساسية التي يتناولها؟ (The mathematical theory of random experiments, events, random variables, distributions, dependence, and stochastic evolution.)",mixed,decisive,O_subject_ontology,,medium,math.probability-statistics.probability,curriculum_generated,src-ko-curriculum-v0.1,question_answer,ko.math.v0.1.math.probability-statistics.probability,false,false,approved,curriculum_generated from ko.math.v0.1.math.probability-statistics.probability; lens=O; owner_approved_2026-09-05
عند دراسة «نظرية الاحتمالات»: ما المراجع والأدلة الأساسية التي يستند إليها هذا الموضوع، وكيف نقيّم قوة كل دليل؟,ar,decisive,E_source_evidence,,medium,math.probability-statistics.probability,curriculum_generated,src-ko-curriculum-v0.1,question_answer,ko.math.v0.1.math.probability-statistics.probability,false,false,approved,curriculum_generated from ko.math.v0.1.math.probability-statistics.probability; lens=E; owner_approved_2026-09-05
كيف يرتبط «نظرية الاحتمالات» بموضوعه الأب «الاحتمالات والإحصاء»؟ وما المفاهيم المجاورة التي تندرج معه تحت التخصص نفسه وما الحدود الفاصلة بينها؟,ar,decisive,R_structure_relations,,medium,math.probability-statistics.probability,curriculum_generated,src-ko-curriculum-v0.1,question_answer,ko.math.v0.1.math.probability-statistics.probability,false,false,approved,curriculum_generated from ko.math.v0.1.math.probability-statistics.probability; lens=R; owner_approved_2026-09-05
ما معايير صحة المناهج والبراهين المستخدمة في «نظرية الاحتمالات»؟ وكيف نتحقق من صحة نتيجة قبل قبولها في هذا المجال؟,ar,decisive,M_method_validation,,medium,math.probability-statistics.probability,curriculum_generated,src-ko-curriculum-v0.1,question_answer,ko.math.v0.1.math.probability-statistics.probability,false,false,approved,curriculum_generated from ko.math.v0.1.math.probability-statistics.probability; lens=M; owner_approved_2026-09-05
كيف نطبق مفاهيم «نظرية الاحتمالات» في مسألة عملية؟ اشرح خطوات الحل بمثال متدرج.,ar,decisive,A_function_application,,medium,math.probability-statistics.probability,curriculum_generated,src-ko-curriculum-v0.1,question_answer,ko.math.v0.1.math.probability-statistics.probability,false,false,approved,curriculum_generated from ko.math.v0.1.math.probability-statistics.probability; lens=A; owner_approved_2026-09-05
كيف تطورت «نظرية الاحتمالات» تاريخيًا؟ وما المشكلات التي أحدثت ولادتها وأبرز المحطات في تطورها؟,ar,decisive,T_time_evolution,,medium,math.probability-statistics.probability,curriculum_generated,src-ko-curriculum-v0.1,question_answer,ko.math.v0.1.math.probability-statistics.probability,false,false,approved,curriculum_generated from ko.math.v0.1.math.probability-statistics.probability; lens=T; owner_approved_2026-09-05
ما أثر «نظرية الاحتمالات» على الإنسان وأصحاب المصلحة؟ وأين تظهر تطبيقاته العملية في الحياة والصناعة؟,ar,decisive,H_human_value_context,,medium,math.probability-statistics.probability,curriculum_generated,src-ko-curriculum-v0.1,question_answer,ko.math.v0.1.math.probability-statistics.probability,false,false,approved,curriculum_generated from ko.math.v0.1.math.probability-statistics.probability; lens=H; owner_approved_2026-09-05
"ما موضوع «الإحصاء الرياضي» وما الكيانات والمفاهيم الأساسية التي يتناولها؟ (The mathematical study of data-generating mechanisms, estimation, testing, prediction, experimental design, and uncertainty quantification.)",mixed,decisive,O_subject_ontology,,medium,math.probability-statistics.statistics,curriculum_generated,src-ko-curriculum-v0.1,question_answer,ko.math.v0.1.math.probability-statistics.statistics,false,false,approved,curriculum_generated from ko.math.v0.1.math.probability-statistics.statistics; lens=O; owner_approved_2026-09-05
عند دراسة «الإحصاء الرياضي»: ما المراجع والأدلة الأساسية التي يستند إليها هذا الموضوع، وكيف نقيّم قوة كل دليل؟,ar,decisive,E_source_evidence,,medium,math.probability-statistics.statistics,curriculum_generated,src-ko-curriculum-v0.1,question_answer,ko.math.v0.1.math.probability-statistics.statistics,false,false,approved,curriculum_generated from ko.math.v0.1.math.probability-statistics.statistics; lens=E; owner_approved_2026-09-05
كيف يرتبط «الإحصاء الرياضي» بموضوعه الأب «الاحتمالات والإحصاء»؟ وما المفاهيم المجاورة التي تندرج معه تحت التخصص نفسه وما الحدود الفاصلة بينها؟,ar,decisive,R_structure_relations,,medium,math.probability-statistics.statistics,curriculum_generated,src-ko-curriculum-v0.1,question_answer,ko.math.v0.1.math.probability-statistics.statistics,false,false,approved,curriculum_generated from ko.math.v0.1.math.probability-statistics.statistics; lens=R; owner_approved_2026-09-05
ما معايير صحة المناهج والبراهين المستخدمة في «الإحصاء الرياضي»؟ وكيف نتحقق من صحة نتيجة قبل قبولها في هذا المجال؟,ar,decisive,M_method_validation,,medium,math.probability-statistics.statistics,curriculum_generated,src-ko-curriculum-v0.1,question_answer,ko.math.v0.1.math.probability-statistics.statistics,false,false,approved,curriculum_generated from ko.math.v0.1.math.probability-statistics.statistics; lens=M; owner_approved_2026-09-05
كيف نطبق مفاهيم «الإحصاء الرياضي» في مسألة عملية؟ اشرح خطوات الحل بمثال متدرج.,ar,decisive,A_function_application,,medium,math.probability-statistics.statistics,curriculum_generated,src-ko-curriculum-v0.1,question_answer,ko.math.v0.1.math.probability-statistics.statistics,false,false,approved,curriculum_generated from ko.math.v0.1.math.probability-statistics.statistics; lens=A; owner_approved_2026-09-05
كيف تطورت «الإحصاء الرياضي» تاريخيًا؟ وما المشكلات التي أحدثت ولادتها وأبرز المحطات في تطورها؟,ar,decisive,T_time_evolution,,medium,math.probability-statistics.statistics,curriculum_generated,src-ko-curriculum-v0.1,question_answer,ko.math.v0.1.math.probability-statistics.statistics,false,false,approved,curriculum_generated from ko.math.v0.1.math.probability-statistics.statistics; lens=T; owner_approved_2026-09-05
ما أثر «الإحصاء الرياضي» على الإنسان وأصحاب المصلحة؟ وأين تظهر تطبيقاته العملية في الحياة والصناعة؟,ar,decisive,H_human_value_context,,medium,math.probability-statistics.statistics,curriculum_generated,src-ko-curriculum-v0.1,question_answer,ko.math.v0.1.math.probability-statistics.statistics,false,false,approved,curriculum_generated from ko.math.v0.1.math.probability-statistics.statistics; lens=H; owner_approved_2026-09-05
"ما موضوع «التوافقيات» وما الكيانات والمفاهيم الأساسية التي يتناولها؟ (The study of finite and countable arrangements, selections, configurations, enumeration, and extremal structure.)",mixed,decisive,O_subject_ontology,,medium,math.discrete-mathematics.combinatorics,curriculum_generated,src-ko-curriculum-v0.1,question_answer,ko.math.v0.1.math.discrete-mathematics.combinatorics,false,false,approved,curriculum_generated from ko.math.v0.1.math.discrete-mathematics.combinatorics; lens=O; owner_approved_2026-09-05
عند دراسة «التوافقيات»: ما المراجع والأدلة الأساسية التي يستند إليها هذا الموضوع، وكيف نقيّم قوة كل دليل؟,ar,decisive,E_source_evidence,,medium,math.discrete-mathematics.combinatorics,curriculum_generated,src-ko-curriculum-v0.1,question_answer,ko.math.v0.1.math.discrete-mathematics.combinatorics,false,false,approved,curriculum_generated from ko.math.v0.1.math.discrete-mathematics.combinatorics; lens=E; owner_approved_2026-09-05
كيف يرتبط «التوافقيات» بموضوعه الأب «الرياضيات المتقطعة»؟ وما المفاهيم المجاورة التي تندرج معه تحت التخصص نفسه وما الحدود الفاصلة بينها؟,ar,decisive,R_structure_relations,,medium,math.discrete-mathematics.combinatorics,curriculum_generated,src-ko-curriculum-v0.1,question_answer,ko.math.v0.1.math.discrete-mathematics.combinatorics,false,false,approved,curriculum_generated from ko.math.v0.1.math.discrete-mathematics.combinatorics; lens=R; owner_approved_2026-09-05
ما معايير صحة المناهج والبراهين المستخدمة في «التوافقيات»؟ وكيف نتحقق من صحة نتيجة قبل قبولها في هذا المجال؟,ar,decisive,M_method_validation,,medium,math.discrete-mathematics.combinatorics,curriculum_generated,src-ko-curriculum-v0.1,question_answer,ko.math.v0.1.math.discrete-mathematics.combinatorics,false,false,approved,curriculum_generated from ko.math.v0.1.math.discrete-mathematics.combinatorics; lens=M; owner_approved_2026-09-05
كيف نطبق مفاهيم «التوافقيات» في مسألة عملية؟ اشرح خطوات الحل بمثال متدرج.,ar,decisive,A_function_application,,medium,math.discrete-mathematics.combinatorics,curriculum_generated,src-ko-curriculum-v0.1,question_answer,ko.math.v0.1.math.discrete-mathematics.combinatorics,false,false,approved,curriculum_generated from ko.math.v0.1.math.discrete-mathematics.combinatorics; lens=A; owner_approved_2026-09-05
كيف تطورت «التوافقيات» تاريخيًا؟ وما المشكلات التي أحدثت ولادتها وأبرز المحطات في تطورها؟,ar,decisive,T_time_evolution,,medium,math.discrete-mathematics.combinatorics,curriculum_generated,src-ko-curriculum-v0.1,question_answer,ko.math.v0.1.math.discrete-mathematics.combinatorics,false,false,approved,curriculum_generated from ko.math.v0.1.math.discrete-mathematics.combinatorics; lens=T; owner_approved_2026-09-05
ما أثر «التوافقيات» على الإنسان وأصحاب المصلحة؟ وأين تظهر تطبيقاته العملية في الحياة والصناعة؟,ar,decisive,H_human_value_context,,medium,math.discrete-mathematics.combinatorics,curriculum_generated,src-ko-curriculum-v0.1,question_answer,ko.math.v0.1.math.discrete-mathematics.combinatorics,false,false,approved,curriculum_generated from ko.math.v0.1.math.discrete-mathematics.combinatorics; lens=H; owner_approved_2026-09-05
"ما موضوع «نظرية الرسوم البيانية» وما الكيانات والمفاهيم الأساسية التي يتناولها؟ (The study of graphs, networks, connectivity, paths, cycles, coloring, and structural properties of discrete relational systems.)",mixed,decisive,O_subject_ontology,,medium,math.discrete-mathematics.graph-theory,curriculum_generated,src-ko-curriculum-v0.1,question_answer,ko.math.v0.1.math.discrete-mathematics.graph-theory,false,false,approved,curriculum_generated from ko.math.v0.1.math.discrete-mathematics.graph-theory; lens=O; owner_approved_2026-09-05
عند دراسة «نظرية الرسوم البيانية»: ما المراجع والأدلة الأساسية التي يستند إليها هذا الموضوع، وكيف نقيّم قوة كل دليل؟,ar,decisive,E_source_evidence,,medium,math.discrete-mathematics.graph-theory,curriculum_generated,src-ko-curriculum-v0.1,question_answer,ko.math.v0.1.math.discrete-mathematics.graph-theory,false,false,approved,curriculum_generated from ko.math.v0.1.math.discrete-mathematics.graph-theory; lens=E; owner_approved_2026-09-05
كيف يرتبط «نظرية الرسوم البيانية» بموضوعه الأب «الرياضيات المتقطعة»؟ وما المفاهيم المجاورة التي تندرج معه تحت التخصص نفسه وما الحدود الفاصلة بينها؟,ar,decisive,R_structure_relations,,medium,math.discrete-mathematics.graph-theory,curriculum_generated,src-ko-curriculum-v0.1,question_answer,ko.math.v0.1.math.discrete-mathematics.graph-theory,false,false,approved,curriculum_generated from ko.math.v0.1.math.discrete-mathematics.graph-theory; lens=R; owner_approved_2026-09-05
ما معايير صحة المناهج والبراهين المستخدمة في «نظرية الرسوم البيانية»؟ وكيف نتحقق من صحة نتيجة قبل قبولها في هذا المجال؟,ar,decisive,M_method_validation,,medium,math.discrete-mathematics.graph-theory,curriculum_generated,src-ko-curriculum-v0.1,question_answer,ko.math.v0.1.math.discrete-mathematics.graph-theory,false,false,approved,curriculum_generated from ko.math.v0.1.math.discrete-mathematics.graph-theory; lens=M; owner_approved_2026-09-05
كيف نطبق مفاهيم «نظرية الرسوم البيانية» في مسألة عملية؟ اشرح خطوات الحل بمثال متدرج.,ar,decisive,A_function_application,,medium,math.discrete-mathematics.graph-theory,curriculum_generated,src-ko-curriculum-v0.1,question_answer,ko.math.v0.1.math.discrete-mathematics.graph-theory,false,false,approved,curriculum_generated from ko.math.v0.1.math.discrete-mathematics.graph-theory; lens=A; owner_approved_2026-09-05
كيف تطورت «نظرية الرسوم البيانية» تاريخيًا؟ وما المشكلات التي أحدثت ولادتها وأبرز المحطات في تطورها؟,ar,decisive,T_time_evolution,,medium,math.discrete-mathematics.graph-theory,curriculum_generated,src-ko-curriculum-v0.1,question_answer,ko.math.v0.1.math.discrete-mathematics.graph-theory,false,false,approved,curriculum_generated from ko.math.v0.1.math.discrete-mathematics.graph-theory; lens=T; owner_approved_2026-09-05
ما أثر «نظرية الرسوم البيانية» على الإنسان وأصحاب المصلحة؟ وأين تظهر تطبيقاته العملية في الحياة والصناعة؟,ar,decisive,H_human_value_context,,medium,math.discrete-mathematics.graph-theory,curriculum_generated,src-ko-curriculum-v0.1,question_answer,ko.math.v0.1.math.discrete-mathematics.graph-theory,false,false,approved,curriculum_generated from ko.math.v0.1.math.discrete-mathematics.graph-theory; lens=H; owner_approved_2026-09-05
"ما موضوع «المنطق الرياضي» وما الكيانات والمفاهيم الأساسية التي يتناولها؟ (The study of formal languages, proof, definability, computability, models, and foundational mathematical structures.)",mixed,decisive,O_subject_ontology,,medium,math.discrete-mathematics.mathematical-logic,curriculum_generated,src-ko-curriculum-v0.1,question_answer,ko.math.v0.1.math.discrete-mathematics.mathematical-logic,false,false,approved,curriculum_generated from ko.math.v0.1.math.discrete-mathematics.mathematical-logic; lens=O; owner_approved_2026-09-05
عند دراسة «المنطق الرياضي»: ما المراجع والأدلة الأساسية التي يستند إليها هذا الموضوع، وكيف نقيّم قوة كل دليل؟,ar,decisive,E_source_evidence,,medium,math.discrete-mathematics.mathematical-logic,curriculum_generated,src-ko-curriculum-v0.1,question_answer,ko.math.v0.1.math.discrete-mathematics.mathematical-logic,false,false,approved,curriculum_generated from ko.math.v0.1.math.discrete-mathematics.mathematical-logic; lens=E; owner_approved_2026-09-05
كيف يرتبط «المنطق الرياضي» بموضوعه الأب «الرياضيات المتقطعة»؟ وما المفاهيم المجاورة التي تندرج معه تحت التخصص نفسه وما الحدود الفاصلة بينها؟,ar,decisive,R_structure_relations,,medium,math.discrete-mathematics.mathematical-logic,curriculum_generated,src-ko-curriculum-v0.1,question_answer,ko.math.v0.1.math.discrete-mathematics.mathematical-logic,false,false,approved,curriculum_generated from ko.math.v0.1.math.discrete-mathematics.mathematical-logic; lens=R; owner_approved_2026-09-05
ما معايير صحة المناهج والبراهين المستخدمة في «المنطق الرياضي»؟ وكيف نتحقق من صحة نتيجة قبل قبولها في هذا المجال؟,ar,decisive,M_method_validation,,medium,math.discrete-mathematics.mathematical-logic,curriculum_generated,src-ko-curriculum-v0.1,question_answer,ko.math.v0.1.math.discrete-mathematics.mathematical-logic,false,false,approved,curriculum_generated from ko.math.v0.1.math.discrete-mathematics.mathematical-logic; lens=M; owner_approved_2026-09-05
كيف نطبق مفاهيم «المنطق الرياضي» في مسألة عملية؟ اشرح خطوات الحل بمثال متدرج.,ar,decisive,A_function_application,,medium,math.discrete-mathematics.mathematical-logic,curriculum_generated,src-ko-curriculum-v0.1,question_answer,ko.math.v0.1.math.discrete-mathematics.mathematical-logic,false,false,approved,curriculum_generated from ko.math.v0.1.math.discrete-mathematics.mathematical-logic; lens=A; owner_approved_2026-09-05
كيف تطورت «المنطق الرياضي» تاريخيًا؟ وما المشكلات التي أحدثت ولادتها وأبرز المحطات في تطورها؟,ar,decisive,T_time_evolution,,medium,math.discrete-mathematics.mathematical-logic,curriculum_generated,src-ko-curriculum-v0.1,question_answer,ko.math.v0.1.math.discrete-mathematics.mathematical-logic,false,false,approved,curriculum_generated from ko.math.v0.1.math.discrete-mathematics.mathematical-logic; lens=T; owner_approved_2026-09-05
ما أثر «المنطق الرياضي» على الإنسان وأصحاب المصلحة؟ وأين تظهر تطبيقاته العملية في الحياة والصناعة؟,ar,decisive,H_human_value_context,,medium,math.discrete-mathematics.mathematical-logic,curriculum_generated,src-ko-curriculum-v0.1,question_answer,ko.math.v0.1.math.discrete-mathematics.mathematical-logic,false,false,approved,curriculum_generated from ko.math.v0.1.math.discrete-mathematics.mathematical-logic; lens=H; owner_approved_2026-09-05
"ما موضوع «الهندسة الإقليدية» وما الكيانات والمفاهيم الأساسية التي يتناولها؟ (The study of points, lines, angles, figures, congruence, similarity, and metric relationships in Euclidean space.)",mixed,decisive,O_subject_ontology,,medium,math.geometry.euclidean-geometry,curriculum_generated,src-ko-curriculum-v0.1,question_answer,ko.math.v0.1.math.geometry.euclidean-geometry,false,false,approved,curriculum_generated from ko.math.v0.1.math.geometry.euclidean-geometry; lens=O; owner_approved_2026-09-05
عند دراسة «الهندسة الإقليدية»: ما المراجع والأدلة الأساسية التي يستند إليها هذا الموضوع، وكيف نقيّم قوة كل دليل؟,ar,decisive,E_source_evidence,,medium,math.geometry.euclidean-geometry,curriculum_generated,src-ko-curriculum-v0.1,question_answer,ko.math.v0.1.math.geometry.euclidean-geometry,false,false,approved,curriculum_generated from ko.math.v0.1.math.geometry.euclidean-geometry; lens=E; owner_approved_2026-09-05
كيف يرتبط «الهندسة الإقليدية» بموضوعه الأب «الهندسة»؟ وما المفاهيم المجاورة التي تندرج معه تحت التخصص نفسه وما الحدود الفاصلة بينها؟,ar,decisive,R_structure_relations,,medium,math.geometry.euclidean-geometry,curriculum_generated,src-ko-curriculum-v0.1,question_answer,ko.math.v0.1.math.geometry.euclidean-geometry,false,false,approved,curriculum_generated from ko.math.v0.1.math.geometry.euclidean-geometry; lens=R; owner_approved_2026-09-05
ما معايير صحة المناهج والبراهين المستخدمة في «الهندسة الإقليدية»؟ وكيف نتحقق من صحة نتيجة قبل قبولها في هذا المجال؟,ar,decisive,M_method_validation,,medium,math.geometry.euclidean-geometry,curriculum_generated,src-ko-curriculum-v0.1,question_answer,ko.math.v0.1.math.geometry.euclidean-geometry,false,false,approved,curriculum_generated from ko.math.v0.1.math.geometry.euclidean-geometry; lens=M; owner_approved_2026-09-05
كيف نطبق مفاهيم «الهندسة الإقليدية» في مسألة عملية؟ اشرح خطوات الحل بمثال متدرج.,ar,decisive,A_function_application,,medium,math.geometry.euclidean-geometry,curriculum_generated,src-ko-curriculum-v0.1,question_answer,ko.math.v0.1.math.geometry.euclidean-geometry,false,false,approved,curriculum_generated from ko.math.v0.1.math.geometry.euclidean-geometry; lens=A; owner_approved_2026-09-05
كيف تطورت «الهندسة الإقليدية» تاريخيًا؟ وما المشكلات التي أحدثت ولادتها وأبرز المحطات في تطورها؟,ar,decisive,T_time_evolution,,medium,math.geometry.euclidean-geometry,curriculum_generated,src-ko-curriculum-v0.1,question_answer,ko.math.v0.1.math.geometry.euclidean-geometry,false,false,approved,curriculum_generated from ko.math.v0.1.math.geometry.euclidean-geometry; lens=T; owner_approved_2026-09-05
ما أثر «الهندسة الإقليدية» على الإنسان وأصحاب المصلحة؟ وأين تظهر تطبيقاته العملية في الحياة والصناعة؟,ar,decisive,H_human_value_context,,medium,math.geometry.euclidean-geometry,curriculum_generated,src-ko-curriculum-v0.1,question_answer,ko.math.v0.1.math.geometry.euclidean-geometry,false,false,approved,curriculum_generated from ko.math.v0.1.math.geometry.euclidean-geometry; lens=H; owner_approved_2026-09-05
"ما موضوع «الهندسة التحليلية» وما الكيانات والمفاهيم الأساسية التي يتناولها؟ (The study of geometric objects and relationships through coordinates, equations, transformations, and algebraic representation.)",mixed,decisive,O_subject_ontology,,medium,math.geometry.analytic-geometry,curriculum_generated,src-ko-curriculum-v0.1,question_answer,ko.math.v0.1.math.geometry.analytic-geometry,false,false,approved,curriculum_generated from ko.math.v0.1.math.geometry.analytic-geometry; lens=O; owner_approved_2026-09-05
عند دراسة «الهندسة التحليلية»: ما المراجع والأدلة الأساسية التي يستند إليها هذا الموضوع، وكيف نقيّم قوة كل دليل؟,ar,decisive,E_source_evidence,,medium,math.geometry.analytic-geometry,curriculum_generated,src-ko-curriculum-v0.1,question_answer,ko.math.v0.1.math.geometry.analytic-geometry,false,false,approved,curriculum_generated from ko.math.v0.1.math.geometry.analytic-geometry; lens=E; owner_approved_2026-09-05
كيف يرتبط «الهندسة التحليلية» بموضوعه الأب «الهندسة»؟ وما المفاهيم المجاورة التي تندرج معه تحت التخصص نفسه وما الحدود الفاصلة بينها؟,ar,decisive,R_structure_relations,,medium,math.geometry.analytic-geometry,curriculum_generated,src-ko-curriculum-v0.1,question_answer,ko.math.v0.1.math.geometry.analytic-geometry,false,false,approved,curriculum_generated from ko.math.v0.1.math.geometry.analytic-geometry; lens=R; owner_approved_2026-09-05
ما معايير صحة المناهج والبراهين المستخدمة في «الهندسة التحليلية»؟ وكيف نتحقق من صحة نتيجة قبل قبولها في هذا المجال؟,ar,decisive,M_method_validation,,medium,math.geometry.analytic-geometry,curriculum_generated,src-ko-curriculum-v0.1,question_answer,ko.math.v0.1.math.geometry.analytic-geometry,false,false,approved,curriculum_generated from ko.math.v0.1.math.geometry.analytic-geometry; lens=M; owner_approved_2026-09-05
كيف نطبق مفاهيم «الهندسة التحليلية» في مسألة عملية؟ اشرح خطوات الحل بمثال متدرج.,ar,decisive,A_function_application,,medium,math.geometry.analytic-geometry,curriculum_generated,src-ko-curriculum-v0.1,question_answer,ko.math.v0.1.math.geometry.analytic-geometry,false,false,approved,curriculum_generated from ko.math.v0.1.math.geometry.analytic-geometry; lens=A; owner_approved_2026-09-05
كيف تطورت «الهندسة التحليلية» تاريخيًا؟ وما المشكلات التي أحدثت ولادتها وأبرز المحطات في تطورها؟,ar,decisive,T_time_evolution,,medium,math.geometry.analytic-geometry,curriculum_generated,src-ko-curriculum-v0.1,question_answer,ko.math.v0.1.math.geometry.analytic-geometry,false,false,approved,curriculum_generated from ko.math.v0.1.math.geometry.analytic-geometry; lens=T; owner_approved_2026-09-05
ما أثر «الهندسة التحليلية» على الإنسان وأصحاب المصلحة؟ وأين تظهر تطبيقاته العملية في الحياة والصناعة؟,ar,decisive,H_human_value_context,,medium,math.geometry.analytic-geometry,curriculum_generated,src-ko-curriculum-v0.1,question_answer,ko.math.v0.1.math.geometry.analytic-geometry,false,false,approved,curriculum_generated from ko.math.v0.1.math.geometry.analytic-geometry; lens=H; owner_approved_2026-09-05
"ما موضوع «الهندسة التفاضلية» وما الكيانات والمفاهيم الأساسية التي يتناولها؟ (The study of smooth curves, surfaces, manifolds, metrics, and geometric properties using differential and analytic methods.)",mixed,decisive,O_subject_ontology,,medium,math.geometry.differential-geometry,curriculum_generated,src-ko-curriculum-v0.1,question_answer,ko.math.v0.1.math.geometry.differential-geometry,false,false,approved,curriculum_generated from ko.math.v0.1.math.geometry.differential-geometry; lens=O; owner_approved_2026-09-05
عند دراسة «الهندسة التفاضلية»: ما المراجع والأدلة الأساسية التي يستند إليها هذا الموضوع، وكيف نقيّم قوة كل دليل؟,ar,decisive,E_source_evidence,,medium,math.geometry.differential-geometry,curriculum_generated,src-ko-curriculum-v0.1,question_answer,ko.math.v0.1.math.geometry.differential-geometry,false,false,approved,curriculum_generated from ko.math.v0.1.math.geometry.differential-geometry; lens=E; owner_approved_2026-09-05
كيف يرتبط «الهندسة التفاضلية» بموضوعه الأب «الهندسة»؟ وما المفاهيم المجاورة التي تندرج معه تحت التخصص نفسه وما الحدود الفاصلة بينها؟,ar,decisive,R_structure_relations,,medium,math.geometry.differential-geometry,curriculum_generated,src-ko-curriculum-v0.1,question_answer,ko.math.v0.1.math.geometry.differential-geometry,false,false,approved,curriculum_generated from ko.math.v0.1.math.geometry.differential-geometry; lens=R; owner_approved_2026-09-05
ما معايير صحة المناهج والبراهين المستخدمة في «الهندسة التفاضلية»؟ وكيف نتحقق من صحة نتيجة قبل قبولها في هذا المجال؟,ar,decisive,M_method_validation,,medium,math.geometry.differential-geometry,curriculum_generated,src-ko-curriculum-v0.1,question_answer,ko.math.v0.1.math.geometry.differential-geometry,false,false,approved,curriculum_generated from ko.math.v0.1.math.geometry.differential-geometry; lens=M; owner_approved_2026-09-05
كيف نطبق مفاهيم «الهندسة التفاضلية» في مسألة عملية؟ اشرح خطوات الحل بمثال متدرج.,ar,decisive,A_function_application,,medium,math.geometry.differential-geometry,curriculum_generated,src-ko-curriculum-v0.1,question_answer,ko.math.v0.1.math.geometry.differential-geometry,false,false,approved,curriculum_generated from ko.math.v0.1.math.geometry.differential-geometry; lens=A; owner_approved_2026-09-05
كيف تطورت «الهندسة التفاضلية» تاريخيًا؟ وما المشكلات التي أحدثت ولادتها وأبرز المحطات في تطورها؟,ar,decisive,T_time_evolution,,medium,math.geometry.differential-geometry,curriculum_generated,src-ko-curriculum-v0.1,question_answer,ko.math.v0.1.math.geometry.differential-geometry,false,false,approved,curriculum_generated from ko.math.v0.1.math.geometry.differential-geometry; lens=T; owner_approved_2026-09-05
ما أثر «الهندسة التفاضلية» على الإنسان وأصحاب المصلحة؟ وأين تظهر تطبيقاته العملية في الحياة والصناعة؟,ar,decisive,H_human_value_context,,medium,math.geometry.differential-geometry,curriculum_generated,src-ko-curriculum-v0.1,question_answer,ko.math.v0.1.math.geometry.differential-geometry,false,false,approved,curriculum_generated from ko.math.v0.1.math.geometry.differential-geometry; lens=H; owner_approved_2026-09-05
"ما موضوع «الفضاءات المتجهية والتحويلات الخطية» وما الكيانات والمفاهيم الأساسية التي يتناولها؟ (The study of vector spaces, subspaces, bases, dimension, linear maps, kernels, images, and canonical linear constructions.)",mixed,decisive,O_subject_ontology,,hard,math.algebra.linear-algebra.vector-spaces-linear-maps,curriculum_generated,src-ko-curriculum-v0.1,question_answer,ko.math.v0.1.math.algebra.linear-algebra.vector-spaces-linear-maps,false,false,approved,curriculum_generated from ko.math.v0.1.math.algebra.linear-algebra.vector-spaces-linear-maps; lens=O; owner_approved_2026-09-05
عند دراسة «الفضاءات المتجهية والتحويلات الخطية»: ما المراجع والأدلة الأساسية التي يستند إليها هذا الموضوع، وكيف نقيّم قوة كل دليل؟,ar,decisive,E_source_evidence,,hard,math.algebra.linear-algebra.vector-spaces-linear-maps,curriculum_generated,src-ko-curriculum-v0.1,question_answer,ko.math.v0.1.math.algebra.linear-algebra.vector-spaces-linear-maps,false,false,approved,curriculum_generated from ko.math.v0.1.math.algebra.linear-algebra.vector-spaces-linear-maps; lens=E; owner_approved_2026-09-05
كيف يرتبط «الفضاءات المتجهية والتحويلات الخطية» بموضوعه الأب «الجبر الخطي»؟ وما المفاهيم المجاورة التي تندرج معه تحت التخصص نفسه وما الحدود الفاصلة بينها؟,ar,decisive,R_structure_relations,,hard,math.algebra.linear-algebra.vector-spaces-linear-maps,curriculum_generated,src-ko-curriculum-v0.1,question_answer,ko.math.v0.1.math.algebra.linear-algebra.vector-spaces-linear-maps,false,false,approved,curriculum_generated from ko.math.v0.1.math.algebra.linear-algebra.vector-spaces-linear-maps; lens=R; owner_approved_2026-09-05
ما معايير صحة المناهج والبراهين المستخدمة في «الفضاءات المتجهية والتحويلات الخطية»؟ وكيف نتحقق من صحة نتيجة قبل قبولها في هذا المجال؟,ar,decisive,M_method_validation,,hard,math.algebra.linear-algebra.vector-spaces-linear-maps,curriculum_generated,src-ko-curriculum-v0.1,question_answer,ko.math.v0.1.math.algebra.linear-algebra.vector-spaces-linear-maps,false,false,approved,curriculum_generated from ko.math.v0.1.math.algebra.linear-algebra.vector-spaces-linear-maps; lens=M; owner_approved_2026-09-05
كيف نطبق مفاهيم «الفضاءات المتجهية والتحويلات الخطية» في مسألة عملية؟ اشرح خطوات الحل بمثال متدرج.,ar,decisive,A_function_application,,hard,math.algebra.linear-algebra.vector-spaces-linear-maps,curriculum_generated,src-ko-curriculum-v0.1,question_answer,ko.math.v0.1.math.algebra.linear-algebra.vector-spaces-linear-maps,false,false,approved,curriculum_generated from ko.math.v0.1.math.algebra.linear-algebra.vector-spaces-linear-maps; lens=A; owner_approved_2026-09-05
كيف تطورت «الفضاءات المتجهية والتحويلات الخطية» تاريخيًا؟ وما المشكلات التي أحدثت ولادتها وأبرز المحطات في تطورها؟,ar,decisive,T_time_evolution,,hard,math.algebra.linear-algebra.vector-spaces-linear-maps,curriculum_generated,src-ko-curriculum-v0.1,question_answer,ko.math.v0.1.math.algebra.linear-algebra.vector-spaces-linear-maps,false,false,approved,curriculum_generated from ko.math.v0.1.math.algebra.linear-algebra.vector-spaces-linear-maps; lens=T; owner_approved_2026-09-05
ما أثر «الفضاءات المتجهية والتحويلات الخطية» على الإنسان وأصحاب المصلحة؟ وأين تظهر تطبيقاته العملية في الحياة والصناعة؟,ar,decisive,H_human_value_context,,hard,math.algebra.linear-algebra.vector-spaces-linear-maps,curriculum_generated,src-ko-curriculum-v0.1,question_answer,ko.math.v0.1.math.algebra.linear-algebra.vector-spaces-linear-maps,false,false,approved,curriculum_generated from ko.math.v0.1.math.algebra.linear-algebra.vector-spaces-linear-maps; lens=H; owner_approved_2026-09-05
"من الأخطاء الشائعة عند دراسة «الفضاءات المتجهية والتحويلات الخطية»: ما الفروق الدقيقة التي يخلط فيها المتعلمون بينه وبين المفاهيم المجاورة؟ (Include statements about vector spaces, subspaces, bases, dimension, and linear maps; route matrix-specific canonical-form work to Matrix Theory.)",mixed,decisive,R_structure_relations,,hard,math.algebra.linear-algebra.vector-spaces-linear-maps,curriculum_generated,src-ko-curriculum-v0.1,misconception_check,ko.math.v0.1.math.algebra.linear-algebra.vector-spaces-linear-maps,false,true,approved,curriculum_generated from ko.math.v0.1.math.algebra.linear-algebra.vector-spaces-linear-maps; lens=R; boundary_test; owner_approved_2026-09-05
"ما موضوع «نظرية المصفوفات» وما الكيانات والمفاهيم الأساسية التي يتناولها؟ (The study of matrices, determinants, canonical forms, eigenstructure, matrix decompositions, and matrix invariants.)",mixed,decisive,O_subject_ontology,,hard,math.algebra.linear-algebra.matrix-theory,curriculum_generated,src-ko-curriculum-v0.1,question_answer,ko.math.v0.1.math.algebra.linear-algebra.matrix-theory,false,false,approved,curriculum_generated from ko.math.v0.1.math.algebra.linear-algebra.matrix-theory; lens=O; owner_approved_2026-09-05
عند دراسة «نظرية المصفوفات»: ما المراجع والأدلة الأساسية التي يستند إليها هذا الموضوع، وكيف نقيّم قوة كل دليل؟,ar,decisive,E_source_evidence,,hard,math.algebra.linear-algebra.matrix-theory,curriculum_generated,src-ko-curriculum-v0.1,question_answer,ko.math.v0.1.math.algebra.linear-algebra.matrix-theory,false,false,approved,curriculum_generated from ko.math.v0.1.math.algebra.linear-algebra.matrix-theory; lens=E; owner_approved_2026-09-05
كيف يرتبط «نظرية المصفوفات» بموضوعه الأب «الجبر الخطي»؟ وما المفاهيم المجاورة التي تندرج معه تحت التخصص نفسه وما الحدود الفاصلة بينها؟,ar,decisive,R_structure_relations,,hard,math.algebra.linear-algebra.matrix-theory,curriculum_generated,src-ko-curriculum-v0.1,question_answer,ko.math.v0.1.math.algebra.linear-algebra.matrix-theory,false,false,approved,curriculum_generated from ko.math.v0.1.math.algebra.linear-algebra.matrix-theory; lens=R; owner_approved_2026-09-05
ما معايير صحة المناهج والبراهين المستخدمة في «نظرية المصفوفات»؟ وكيف نتحقق من صحة نتيجة قبل قبولها في هذا المجال؟,ar,decisive,M_method_validation,,hard,math.algebra.linear-algebra.matrix-theory,curriculum_generated,src-ko-curriculum-v0.1,question_answer,ko.math.v0.1.math.algebra.linear-algebra.matrix-theory,false,false,approved,curriculum_generated from ko.math.v0.1.math.algebra.linear-algebra.matrix-theory; lens=M; owner_approved_2026-09-05
كيف نطبق مفاهيم «نظرية المصفوفات» في مسألة عملية؟ اشرح خطوات الحل بمثال متدرج.,ar,decisive,A_function_application,,hard,math.algebra.linear-algebra.matrix-theory,curriculum_generated,src-ko-curriculum-v0.1,question_answer,ko.math.v0.1.math.algebra.linear-algebra.matrix-theory,false,false,approved,curriculum_generated from ko.math.v0.1.math.algebra.linear-algebra.matrix-theory; lens=A; owner_approved_2026-09-05
كيف تطورت «نظرية المصفوفات» تاريخيًا؟ وما المشكلات التي أحدثت ولادتها وأبرز المحطات في تطورها؟,ar,decisive,T_time_evolution,,hard,math.algebra.linear-algebra.matrix-theory,curriculum_generated,src-ko-curriculum-v0.1,question_answer,ko.math.v0.1.math.algebra.linear-algebra.matrix-theory,false,false,approved,curriculum_generated from ko.math.v0.1.math.algebra.linear-algebra.matrix-theory; lens=T; owner_approved_2026-09-05
ما أثر «نظرية المصفوفات» على الإنسان وأصحاب المصلحة؟ وأين تظهر تطبيقاته العملية في الحياة والصناعة؟,ar,decisive,H_human_value_context,,hard,math.algebra.linear-algebra.matrix-theory,curriculum_generated,src-ko-curriculum-v0.1,question_answer,ko.math.v0.1.math.algebra.linear-algebra.matrix-theory,false,false,approved,curriculum_generated from ko.math.v0.1.math.algebra.linear-algebra.matrix-theory; lens=H; owner_approved_2026-09-05
من الأخطاء الشائعة عند دراسة «نظرية المصفوفات»: ما الفروق الدقيقة التي يخلط فيها المتعلمون بينه وبين المفاهيم المجاورة؟ (Include matrix invariants and canonical forms; route abstract linear-map statements without matrix representation to Vector Spaces and Linear Maps.),mixed,decisive,R_structure_relations,,hard,math.algebra.linear-algebra.matrix-theory,curriculum_generated,src-ko-curriculum-v0.1,misconception_check,ko.math.v0.1.math.algebra.linear-algebra.matrix-theory,false,true,approved,curriculum_generated from ko.math.v0.1.math.algebra.linear-algebra.matrix-theory; lens=R; boundary_test; owner_approved_2026-09-05
"ما موضوع «الأنظمة الخطية» وما الكيانات والمفاهيم الأساسية التي يتناولها؟ (The study of existence, uniqueness, structure, and solution methods for systems of linear equations and related operator equations.)",mixed,decisive,O_subject_ontology,,hard,math.algebra.linear-algebra.linear-systems,curriculum_generated,src-ko-curriculum-v0.1,question_answer,ko.math.v0.1.math.algebra.linear-algebra.linear-systems,false,false,approved,curriculum_generated from ko.math.v0.1.math.algebra.linear-algebra.linear-systems; lens=O; owner_approved_2026-09-05
عند دراسة «الأنظمة الخطية»: ما المراجع والأدلة الأساسية التي يستند إليها هذا الموضوع، وكيف نقيّم قوة كل دليل؟,ar,decisive,E_source_evidence,,hard,math.algebra.linear-algebra.linear-systems,curriculum_generated,src-ko-curriculum-v0.1,question_answer,ko.math.v0.1.math.algebra.linear-algebra.linear-systems,false,false,approved,curriculum_generated from ko.math.v0.1.math.algebra.linear-algebra.linear-systems; lens=E; owner_approved_2026-09-05
كيف يرتبط «الأنظمة الخطية» بموضوعه الأب «الجبر الخطي»؟ وما المفاهيم المجاورة التي تندرج معه تحت التخصص نفسه وما الحدود الفاصلة بينها؟,ar,decisive,R_structure_relations,,hard,math.algebra.linear-algebra.linear-systems,curriculum_generated,src-ko-curriculum-v0.1,question_answer,ko.math.v0.1.math.algebra.linear-algebra.linear-systems,false,false,approved,curriculum_generated from ko.math.v0.1.math.algebra.linear-algebra.linear-systems; lens=R; owner_approved_2026-09-05
ما معايير صحة المناهج والبراهين المستخدمة في «الأنظمة الخطية»؟ وكيف نتحقق من صحة نتيجة قبل قبولها في هذا المجال؟,ar,decisive,M_method_validation,,hard,math.algebra.linear-algebra.linear-systems,curriculum_generated,src-ko-curriculum-v0.1,question_answer,ko.math.v0.1.math.algebra.linear-algebra.linear-systems,false,false,approved,curriculum_generated from ko.math.v0.1.math.algebra.linear-algebra.linear-systems; lens=M; owner_approved_2026-09-05
كيف نطبق مفاهيم «الأنظمة الخطية» في مسألة عملية؟ اشرح خطوات الحل بمثال متدرج.,ar,decisive,A_function_application,,hard,math.algebra.linear-algebra.linear-systems,curriculum_generated,src-ko-curriculum-v0.1,question_answer,ko.math.v0.1.math.algebra.linear-algebra.linear-systems,false,false,approved,curriculum_generated from ko.math.v0.1.math.algebra.linear-algebra.linear-systems; lens=A; owner_approved_2026-09-05
كيف تطورت «الأنظمة الخطية» تاريخيًا؟ وما المشكلات التي أحدثت ولادتها وأبرز المحطات في تطورها؟,ar,decisive,T_time_evolution,,hard,math.algebra.linear-algebra.linear-systems,curriculum_generated,src-ko-curriculum-v0.1,question_answer,ko.math.v0.1.math.algebra.linear-algebra.linear-systems,false,false,approved,curriculum_generated from ko.math.v0.1.math.algebra.linear-algebra.linear-systems; lens=T; owner_approved_2026-09-05
ما أثر «الأنظمة الخطية» على الإنسان وأصحاب المصلحة؟ وأين تظهر تطبيقاته العملية في الحياة والصناعة؟,ar,decisive,H_human_value_context,,hard,math.algebra.linear-algebra.linear-systems,curriculum_generated,src-ko-curriculum-v0.1,question_answer,ko.math.v0.1.math.algebra.linear-algebra.linear-systems,false,false,approved,curriculum_generated from ko.math.v0.1.math.algebra.linear-algebra.linear-systems; lens=H; owner_approved_2026-09-05
من الأخطاء الشائعة عند دراسة «الأنظمة الخطية»: ما الفروق الدقيقة التي يخلط فيها المتعلمون بينه وبين المفاهيم المجاورة؟ (Include linear equation systems and their solution spaces; exclude nonlinear systems and numerical implementation details.),mixed,decisive,R_structure_relations,,hard,math.algebra.linear-algebra.linear-systems,curriculum_generated,src-ko-curriculum-v0.1,misconception_check,ko.math.v0.1.math.algebra.linear-algebra.linear-systems,false,true,approved,curriculum_generated from ko.math.v0.1.math.algebra.linear-algebra.linear-systems; lens=R; boundary_test; owner_approved_2026-09-05
"ما موضوع «نظرية الأعداد الابتدائية» وما الكيانات والمفاهيم الأساسية التي يتناولها؟ (The study of divisibility, congruences, primes, arithmetic functions, and integer properties using elementary or classical methods.)",mixed,decisive,O_subject_ontology,,hard,math.algebra.number-theory.elementary-number-theory,curriculum_generated,src-ko-curriculum-v0.1,question_answer,ko.math.v0.1.math.algebra.number-theory.elementary-number-theory,false,false,approved,curriculum_generated from ko.math.v0.1.math.algebra.number-theory.elementary-number-theory; lens=O; owner_approved_2026-09-05
عند دراسة «نظرية الأعداد الابتدائية»: ما المراجع والأدلة الأساسية التي يستند إليها هذا الموضوع، وكيف نقيّم قوة كل دليل؟,ar,decisive,E_source_evidence,,hard,math.algebra.number-theory.elementary-number-theory,curriculum_generated,src-ko-curriculum-v0.1,question_answer,ko.math.v0.1.math.algebra.number-theory.elementary-number-theory,false,false,approved,curriculum_generated from ko.math.v0.1.math.algebra.number-theory.elementary-number-theory; lens=E; owner_approved_2026-09-05
كيف يرتبط «نظرية الأعداد الابتدائية» بموضوعه الأب «نظرية الأعداد»؟ وما المفاهيم المجاورة التي تندرج معه تحت التخصص نفسه وما الحدود الفاصلة بينها؟,ar,decisive,R_structure_relations,,hard,math.algebra.number-theory.elementary-number-theory,curriculum_generated,src-ko-curriculum-v0.1,question_answer,ko.math.v0.1.math.algebra.number-theory.elementary-number-theory,false,false,approved,curriculum_generated from ko.math.v0.1.math.algebra.number-theory.elementary-number-theory; lens=R; owner_approved_2026-09-05
ما معايير صحة المناهج والبراهين المستخدمة في «نظرية الأعداد الابتدائية»؟ وكيف نتحقق من صحة نتيجة قبل قبولها في هذا المجال؟,ar,decisive,M_method_validation,,hard,math.algebra.number-theory.elementary-number-theory,curriculum_generated,src-ko-curriculum-v0.1,question_answer,ko.math.v0.1.math.algebra.number-theory.elementary-number-theory,false,false,approved,curriculum_generated from ko.math.v0.1.math.algebra.number-theory.elementary-number-theory; lens=M; owner_approved_2026-09-05
كيف نطبق مفاهيم «نظرية الأعداد الابتدائية» في مسألة عملية؟ اشرح خطوات الحل بمثال متدرج.,ar,decisive,A_function_application,,hard,math.algebra.number-theory.elementary-number-theory,curriculum_generated,src-ko-curriculum-v0.1,question_answer,ko.math.v0.1.math.algebra.number-theory.elementary-number-theory,false,false,approved,curriculum_generated from ko.math.v0.1.math.algebra.number-theory.elementary-number-theory; lens=A; owner_approved_2026-09-05
كيف تطورت «نظرية الأعداد الابتدائية» تاريخيًا؟ وما المشكلات التي أحدثت ولادتها وأبرز المحطات في تطورها؟,ar,decisive,T_time_evolution,,hard,math.algebra.number-theory.elementary-number-theory,curriculum_generated,src-ko-curriculum-v0.1,question_answer,ko.math.v0.1.math.algebra.number-theory.elementary-number-theory,false,false,approved,curriculum_generated from ko.math.v0.1.math.algebra.number-theory.elementary-number-theory; lens=T; owner_approved_2026-09-05
ما أثر «نظرية الأعداد الابتدائية» على الإنسان وأصحاب المصلحة؟ وأين تظهر تطبيقاته العملية في الحياة والصناعة؟,ar,decisive,H_human_value_context,,hard,math.algebra.number-theory.elementary-number-theory,curriculum_generated,src-ko-curriculum-v0.1,question_answer,ko.math.v0.1.math.algebra.number-theory.elementary-number-theory,false,false,approved,curriculum_generated from ko.math.v0.1.math.algebra.number-theory.elementary-number-theory; lens=H; owner_approved_2026-09-05
"من الأخطاء الشائعة عند دراسة «نظرية الأعداد الابتدائية»: ما الفروق الدقيقة التي يخلط فيها المتعلمون بينه وبين المفاهيم المجاورة؟ (Include integer divisibility, congruence, and primes; route number fields and ideals to Algebraic Number Theory.)",mixed,decisive,R_structure_relations,,hard,math.algebra.number-theory.elementary-number-theory,curriculum_generated,src-ko-curriculum-v0.1,misconception_check,ko.math.v0.1.math.algebra.number-theory.elementary-number-theory,false,true,approved,curriculum_generated from ko.math.v0.1.math.algebra.number-theory.elementary-number-theory; lens=R; boundary_test; owner_approved_2026-09-05
"ما موضوع «نظرية الأعداد الجبرية» وما الكيانات والمفاهيم الأساسية التي يتناولها؟ (The study of algebraic numbers, number fields, ideals, valuations, and arithmetic properties of algebraic extensions.)",mixed,decisive,O_subject_ontology,,hard,math.algebra.number-theory.algebraic-number-theory,curriculum_generated,src-ko-curriculum-v0.1,question_answer,ko.math.v0.1.math.algebra.number-theory.algebraic-number-theory,false,false,approved,curriculum_generated from ko.math.v0.1.math.algebra.number-theory.algebraic-number-theory; lens=O; owner_approved_2026-09-05
عند دراسة «نظرية الأعداد الجبرية»: ما المراجع والأدلة الأساسية التي يستند إليها هذا الموضوع، وكيف نقيّم قوة كل دليل؟,ar,decisive,E_source_evidence,,hard,math.algebra.number-theory.algebraic-number-theory,curriculum_generated,src-ko-curriculum-v0.1,question_answer,ko.math.v0.1.math.algebra.number-theory.algebraic-number-theory,false,false,approved,curriculum_generated from ko.math.v0.1.math.algebra.number-theory.algebraic-number-theory; lens=E; owner_approved_2026-09-05
كيف يرتبط «نظرية الأعداد الجبرية» بموضوعه الأب «نظرية الأعداد»؟ وما المفاهيم المجاورة التي تندرج معه تحت التخصص نفسه وما الحدود الفاصلة بينها؟,ar,decisive,R_structure_relations,,hard,math.algebra.number-theory.algebraic-number-theory,curriculum_generated,src-ko-curriculum-v0.1,question_answer,ko.math.v0.1.math.algebra.number-theory.algebraic-number-theory,false,false,approved,curriculum_generated from ko.math.v0.1.math.algebra.number-theory.algebraic-number-theory; lens=R; owner_approved_2026-09-05
ما معايير صحة المناهج والبراهين المستخدمة في «نظرية الأعداد الجبرية»؟ وكيف نتحقق من صحة نتيجة قبل قبولها في هذا المجال؟,ar,decisive,M_method_validation,,hard,math.algebra.number-theory.algebraic-number-theory,curriculum_generated,src-ko-curriculum-v0.1,question_answer,ko.math.v0.1.math.algebra.number-theory.algebraic-number-theory,false,false,approved,curriculum_generated from ko.math.v0.1.math.algebra.number-theory.algebraic-number-theory; lens=M; owner_approved_2026-09-05
كيف نطبق مفاهيم «نظرية الأعداد الجبرية» في مسألة عملية؟ اشرح خطوات الحل بمثال متدرج.,ar,decisive,A_function_application,,hard,math.algebra.number-theory.algebraic-number-theory,curriculum_generated,src-ko-curriculum-v0.1,question_answer,ko.math.v0.1.math.algebra.number-theory.algebraic-number-theory,false,false,approved,curriculum_generated from ko.math.v0.1.math.algebra.number-theory.algebraic-number-theory; lens=A; owner_approved_2026-09-05
كيف تطورت «نظرية الأعداد الجبرية» تاريخيًا؟ وما المشكلات التي أحدثت ولادتها وأبرز المحطات في تطورها؟,ar,decisive,T_time_evolution,,hard,math.algebra.number-theory.algebraic-number-theory,curriculum_generated,src-ko-curriculum-v0.1,question_answer,ko.math.v0.1.math.algebra.number-theory.algebraic-number-theory,false,false,approved,curriculum_generated from ko.math.v0.1.math.algebra.number-theory.algebraic-number-theory; lens=T; owner_approved_2026-09-05
ما أثر «نظرية الأعداد الجبرية» على الإنسان وأصحاب المصلحة؟ وأين تظهر تطبيقاته العملية في الحياة والصناعة؟,ar,decisive,H_human_value_context,,hard,math.algebra.number-theory.algebraic-number-theory,curriculum_generated,src-ko-curriculum-v0.1,question_answer,ko.math.v0.1.math.algebra.number-theory.algebraic-number-theory,false,false,approved,curriculum_generated from ko.math.v0.1.math.algebra.number-theory.algebraic-number-theory; lens=H; owner_approved_2026-09-05
من الأخطاء الشائعة عند دراسة «نظرية الأعداد الجبرية»: ما الفروق الدقيقة التي يخلط فيها المتعلمون بينه وبين المفاهيم المجاورة؟ (Include arithmetic of number fields and ideals; exclude abstract algebra without a number-theoretic question.),mixed,decisive,R_structure_relations,,hard,math.algebra.number-theory.algebraic-number-theory,curriculum_generated,src-ko-curriculum-v0.1,misconception_check,ko.math.v0.1.math.algebra.number-theory.algebraic-number-theory,false,true,approved,curriculum_generated from ko.math.v0.1.math.algebra.number-theory.algebraic-number-theory; lens=R; boundary_test; owner_approved_2026-09-05
"ما موضوع «نظرية الأعداد التحليلية» وما الكيانات والمفاهيم الأساسية التي يتناولها؟ (The study of arithmetic questions using analytic functions, complex analysis, asymptotic methods, and estimates.)",mixed,decisive,O_subject_ontology,,hard,math.algebra.number-theory.analytic-number-theory,curriculum_generated,src-ko-curriculum-v0.1,question_answer,ko.math.v0.1.math.algebra.number-theory.analytic-number-theory,false,false,approved,curriculum_generated from ko.math.v0.1.math.algebra.number-theory.analytic-number-theory; lens=O; owner_approved_2026-09-05
عند دراسة «نظرية الأعداد التحليلية»: ما المراجع والأدلة الأساسية التي يستند إليها هذا الموضوع، وكيف نقيّم قوة كل دليل؟,ar,decisive,E_source_evidence,,hard,math.algebra.number-theory.analytic-number-theory,curriculum_generated,src-ko-curriculum-v0.1,question_answer,ko.math.v0.1.math.algebra.number-theory.analytic-number-theory,false,false,approved,curriculum_generated from ko.math.v0.1.math.algebra.number-theory.analytic-number-theory; lens=E; owner_approved_2026-09-05
كيف يرتبط «نظرية الأعداد التحليلية» بموضوعه الأب «نظرية الأعداد»؟ وما المفاهيم المجاورة التي تندرج معه تحت التخصص نفسه وما الحدود الفاصلة بينها؟,ar,decisive,R_structure_relations,,hard,math.algebra.number-theory.analytic-number-theory,curriculum_generated,src-ko-curriculum-v0.1,question_answer,ko.math.v0.1.math.algebra.number-theory.analytic-number-theory,false,false,approved,curriculum_generated from ko.math.v0.1.math.algebra.number-theory.analytic-number-theory; lens=R; owner_approved_2026-09-05
ما معايير صحة المناهج والبراهين المستخدمة في «نظرية الأعداد التحليلية»؟ وكيف نتحقق من صحة نتيجة قبل قبولها في هذا المجال؟,ar,decisive,M_method_validation,,hard,math.algebra.number-theory.analytic-number-theory,curriculum_generated,src-ko-curriculum-v0.1,question_answer,ko.math.v0.1.math.algebra.number-theory.analytic-number-theory,false,false,approved,curriculum_generated from ko.math.v0.1.math.algebra.number-theory.analytic-number-theory; lens=M; owner_approved_2026-09-05
كيف نطبق مفاهيم «نظرية الأعداد التحليلية» في مسألة عملية؟ اشرح خطوات الحل بمثال متدرج.,ar,decisive,A_function_application,,hard,math.algebra.number-theory.analytic-number-theory,curriculum_generated,src-ko-curriculum-v0.1,question_answer,ko.math.v0.1.math.algebra.number-theory.analytic-number-theory,false,false,approved,curriculum_generated from ko.math.v0.1.math.algebra.number-theory.analytic-number-theory; lens=A; owner_approved_2026-09-05
كيف تطورت «نظرية الأعداد التحليلية» تاريخيًا؟ وما المشكلات التي أحدثت ولادتها وأبرز المحطات في تطورها؟,ar,decisive,T_time_evolution,,hard,math.algebra.number-theory.analytic-number-theory,curriculum_generated,src-ko-curriculum-v0.1,question_answer,ko.math.v0.1.math.algebra.number-theory.analytic-number-theory,false,false,approved,curriculum_generated from ko.math.v0.1.math.algebra.number-theory.analytic-number-theory; lens=T; owner_approved_2026-09-05
ما أثر «نظرية الأعداد التحليلية» على الإنسان وأصحاب المصلحة؟ وأين تظهر تطبيقاته العملية في الحياة والصناعة؟,ar,decisive,H_human_value_context,,hard,math.algebra.number-theory.analytic-number-theory,curriculum_generated,src-ko-curriculum-v0.1,question_answer,ko.math.v0.1.math.algebra.number-theory.analytic-number-theory,false,false,approved,curriculum_generated from ko.math.v0.1.math.algebra.number-theory.analytic-number-theory; lens=H; owner_approved_2026-09-05
من الأخطاء الشائعة عند دراسة «نظرية الأعداد التحليلية»: ما الفروق الدقيقة التي يخلط فيها المتعلمون بينه وبين المفاهيم المجاورة؟ (Require an arithmetic target such as primes or L-functions; otherwise route to the relevant Analysis leaf.),mixed,decisive,R_structure_relations,,hard,math.algebra.number-theory.analytic-number-theory,curriculum_generated,src-ko-curriculum-v0.1,misconception_check,ko.math.v0.1.math.algebra.number-theory.analytic-number-theory,false,true,approved,curriculum_generated from ko.math.v0.1.math.algebra.number-theory.analytic-number-theory; lens=R; boundary_test; owner_approved_2026-09-05
"ما موضوع «المعادلات الديوفانتية» وما الكيانات والمفاهيم الأساسية التي يتناولها؟ (The study of polynomial or related equations whose solutions are sought in integers, rational numbers, or other arithmetic domains.)",mixed,decisive,O_subject_ontology,,hard,math.algebra.number-theory.diophantine-equations,curriculum_generated,src-ko-curriculum-v0.1,question_answer,ko.math.v0.1.math.algebra.number-theory.diophantine-equations,false,false,approved,curriculum_generated from ko.math.v0.1.math.algebra.number-theory.diophantine-equations; lens=O; owner_approved_2026-09-05
عند دراسة «المعادلات الديوفانتية»: ما المراجع والأدلة الأساسية التي يستند إليها هذا الموضوع، وكيف نقيّم قوة كل دليل؟,ar,decisive,E_source_evidence,,hard,math.algebra.number-theory.diophantine-equations,curriculum_generated,src-ko-curriculum-v0.1,question_answer,ko.math.v0.1.math.algebra.number-theory.diophantine-equations,false,false,approved,curriculum_generated from ko.math.v0.1.math.algebra.number-theory.diophantine-equations; lens=E; owner_approved_2026-09-05
كيف يرتبط «المعادلات الديوفانتية» بموضوعه الأب «نظرية الأعداد»؟ وما المفاهيم المجاورة التي تندرج معه تحت التخصص نفسه وما الحدود الفاصلة بينها؟,ar,decisive,R_structure_relations,,hard,math.algebra.number-theory.diophantine-equations,curriculum_generated,src-ko-curriculum-v0.1,question_answer,ko.math.v0.1.math.algebra.number-theory.diophantine-equations,false,false,approved,curriculum_generated from ko.math.v0.1.math.algebra.number-theory.diophantine-equations; lens=R; owner_approved_2026-09-05
ما معايير صحة المناهج والبراهين المستخدمة في «المعادلات الديوفانتية»؟ وكيف نتحقق من صحة نتيجة قبل قبولها في هذا المجال؟,ar,decisive,M_method_validation,,hard,math.algebra.number-theory.diophantine-equations,curriculum_generated,src-ko-curriculum-v0.1,question_answer,ko.math.v0.1.math.algebra.number-theory.diophantine-equations,false,false,approved,curriculum_generated from ko.math.v0.1.math.algebra.number-theory.diophantine-equations; lens=M; owner_approved_2026-09-05
كيف نطبق مفاهيم «المعادلات الديوفانتية» في مسألة عملية؟ اشرح خطوات الحل بمثال متدرج.,ar,decisive,A_function_application,,hard,math.algebra.number-theory.diophantine-equations,curriculum_generated,src-ko-curriculum-v0.1,question_answer,ko.math.v0.1.math.algebra.number-theory.diophantine-equations,false,false,approved,curriculum_generated from ko.math.v0.1.math.algebra.number-theory.diophantine-equations; lens=A; owner_approved_2026-09-05
كيف تطورت «المعادلات الديوفانتية» تاريخيًا؟ وما المشكلات التي أحدثت ولادتها وأبرز المحطات في تطورها؟,ar,decisive,T_time_evolution,,hard,math.algebra.number-theory.diophantine-equations,curriculum_generated,src-ko-curriculum-v0.1,question_answer,ko.math.v0.1.math.algebra.number-theory.diophantine-equations,false,false,approved,curriculum_generated from ko.math.v0.1.math.algebra.number-theory.diophantine-equations; lens=T; owner_approved_2026-09-05
ما أثر «المعادلات الديوفانتية» على الإنسان وأصحاب المصلحة؟ وأين تظهر تطبيقاته العملية في الحياة والصناعة؟,ar,decisive,H_human_value_context,,hard,math.algebra.number-theory.diophantine-equations,curriculum_generated,src-ko-curriculum-v0.1,question_answer,ko.math.v0.1.math.algebra.number-theory.diophantine-equations,false,false,approved,curriculum_generated from ko.math.v0.1.math.algebra.number-theory.diophantine-equations; lens=H; owner_approved_2026-09-05
من الأخطاء الشائعة عند دراسة «المعادلات الديوفانتية»: ما الفروق الدقيقة التي يخلط فيها المتعلمون بينه وبين المفاهيم المجاورة؟ (Require an arithmetic domain for solutions; exclude ordinary real or complex root finding.),mixed,decisive,R_structure_relations,,hard,math.algebra.number-theory.diophantine-equations,curriculum_generated,src-ko-curriculum-v0.1,misconception_check,ko.math.v0.1.math.algebra.number-theory.diophantine-equations,false,true,approved,curriculum_generated from ko.math.v0.1.math.algebra.number-theory.diophantine-equations; lens=R; boundary_test; owner_approved_2026-09-05
"ما موضوع «التفاضل» وما الكيانات والمفاهيم الأساسية التي يتناولها؟ (The study of rates of change, derivatives, local approximation, extrema, and differential behavior of functions.)",mixed,decisive,O_subject_ontology,,hard,math.analysis.calculus.differential-calculus,curriculum_generated,src-ko-curriculum-v0.1,question_answer,ko.math.v0.1.math.analysis.calculus.differential-calculus,false,false,approved,curriculum_generated from ko.math.v0.1.math.analysis.calculus.differential-calculus; lens=O; owner_approved_2026-09-05
عند دراسة «التفاضل»: ما المراجع والأدلة الأساسية التي يستند إليها هذا الموضوع، وكيف نقيّم قوة كل دليل؟,ar,decisive,E_source_evidence,,hard,math.analysis.calculus.differential-calculus,curriculum_generated,src-ko-curriculum-v0.1,question_answer,ko.math.v0.1.math.analysis.calculus.differential-calculus,false,false,approved,curriculum_generated from ko.math.v0.1.math.analysis.calculus.differential-calculus; lens=E; owner_approved_2026-09-05
كيف يرتبط «التفاضل» بموضوعه الأب «حساب التفاضل والتكامل»؟ وما المفاهيم المجاورة التي تندرج معه تحت التخصص نفسه وما الحدود الفاصلة بينها؟,ar,decisive,R_structure_relations,,hard,math.analysis.calculus.differential-calculus,curriculum_generated,src-ko-curriculum-v0.1,question_answer,ko.math.v0.1.math.analysis.calculus.differential-calculus,false,false,approved,curriculum_generated from ko.math.v0.1.math.analysis.calculus.differential-calculus; lens=R; owner_approved_2026-09-05
ما معايير صحة المناهج والبراهين المستخدمة في «التفاضل»؟ وكيف نتحقق من صحة نتيجة قبل قبولها في هذا المجال؟,ar,decisive,M_method_validation,,hard,math.analysis.calculus.differential-calculus,curriculum_generated,src-ko-curriculum-v0.1,question_answer,ko.math.v0.1.math.analysis.calculus.differential-calculus,false,false,approved,curriculum_generated from ko.math.v0.1.math.analysis.calculus.differential-calculus; lens=M; owner_approved_2026-09-05
كيف نطبق مفاهيم «التفاضل» في مسألة عملية؟ اشرح خطوات الحل بمثال متدرج.,ar,decisive,A_function_application,,hard,math.analysis.calculus.differential-calculus,curriculum_generated,src-ko-curriculum-v0.1,question_answer,ko.math.v0.1.math.analysis.calculus.differential-calculus,false,false,approved,curriculum_generated from ko.math.v0.1.math.analysis.calculus.differential-calculus; lens=A; owner_approved_2026-09-05
كيف تطورت «التفاضل» تاريخيًا؟ وما المشكلات التي أحدثت ولادتها وأبرز المحطات في تطورها؟,ar,decisive,T_time_evolution,,hard,math.analysis.calculus.differential-calculus,curriculum_generated,src-ko-curriculum-v0.1,question_answer,ko.math.v0.1.math.analysis.calculus.differential-calculus,false,false,approved,curriculum_generated from ko.math.v0.1.math.analysis.calculus.differential-calculus; lens=T; owner_approved_2026-09-05
ما أثر «التفاضل» على الإنسان وأصحاب المصلحة؟ وأين تظهر تطبيقاته العملية في الحياة والصناعة؟,ar,decisive,H_human_value_context,,hard,math.analysis.calculus.differential-calculus,curriculum_generated,src-ko-curriculum-v0.1,question_answer,ko.math.v0.1.math.analysis.calculus.differential-calculus,false,false,approved,curriculum_generated from ko.math.v0.1.math.analysis.calculus.differential-calculus; lens=H; owner_approved_2026-09-05
من الأخطاء الشائعة عند دراسة «التفاضل»: ما الفروق الدقيقة التي يخلط فيها المتعلمون بينه وبين المفاهيم المجاورة؟ (Route accumulation-first questions to Integral Calculus and manifold-first questions to Differential Geometry.),mixed,decisive,R_structure_relations,,hard,math.analysis.calculus.differential-calculus,curriculum_generated,src-ko-curriculum-v0.1,misconception_check,ko.math.v0.1.math.analysis.calculus.differential-calculus,false,true,approved,curriculum_generated from ko.math.v0.1.math.analysis.calculus.differential-calculus; lens=R; boundary_test; owner_approved_2026-09-05
"ما موضوع «التكامل» وما الكيانات والمفاهيم الأساسية التي يتناولها؟ (The study of accumulation, definite and indefinite integrals, integration theorems, and quantities obtained by integration.)",mixed,decisive,O_subject_ontology,,hard,math.analysis.calculus.integral-calculus,curriculum_generated,src-ko-curriculum-v0.1,question_answer,ko.math.v0.1.math.analysis.calculus.integral-calculus,false,false,approved,curriculum_generated from ko.math.v0.1.math.analysis.calculus.integral-calculus; lens=O; owner_approved_2026-09-05
عند دراسة «التكامل»: ما المراجع والأدلة الأساسية التي يستند إليها هذا الموضوع، وكيف نقيّم قوة كل دليل؟,ar,decisive,E_source_evidence,,hard,math.analysis.calculus.integral-calculus,curriculum_generated,src-ko-curriculum-v0.1,question_answer,ko.math.v0.1.math.analysis.calculus.integral-calculus,false,false,approved,curriculum_generated from ko.math.v0.1.math.analysis.calculus.integral-calculus; lens=E; owner_approved_2026-09-05
كيف يرتبط «التكامل» بموضوعه الأب «حساب التفاضل والتكامل»؟ وما المفاهيم المجاورة التي تندرج معه تحت التخصص نفسه وما الحدود الفاصلة بينها؟,ar,decisive,R_structure_relations,,hard,math.analysis.calculus.integral-calculus,curriculum_generated,src-ko-curriculum-v0.1,question_answer,ko.math.v0.1.math.analysis.calculus.integral-calculus,false,false,approved,curriculum_generated from ko.math.v0.1.math.analysis.calculus.integral-calculus; lens=R; owner_approved_2026-09-05
ما معايير صحة المناهج والبراهين المستخدمة في «التكامل»؟ وكيف نتحقق من صحة نتيجة قبل قبولها في هذا المجال؟,ar,decisive,M_method_validation,,hard,math.analysis.calculus.integral-calculus,curriculum_generated,src-ko-curriculum-v0.1,question_answer,ko.math.v0.1.math.analysis.calculus.integral-calculus,false,false,approved,curriculum_generated from ko.math.v0.1.math.analysis.calculus.integral-calculus; lens=M; owner_approved_2026-09-05
كيف نطبق مفاهيم «التكامل» في مسألة عملية؟ اشرح خطوات الحل بمثال متدرج.,ar,decisive,A_function_application,,hard,math.analysis.calculus.integral-calculus,curriculum_generated,src-ko-curriculum-v0.1,question_answer,ko.math.v0.1.math.analysis.calculus.integral-calculus,false,false,approved,curriculum_generated from ko.math.v0.1.math.analysis.calculus.integral-calculus; lens=A; owner_approved_2026-09-05
كيف تطورت «التكامل» تاريخيًا؟ وما المشكلات التي أحدثت ولادتها وأبرز المحطات في تطورها؟,ar,decisive,T_time_evolution,,hard,math.analysis.calculus.integral-calculus,curriculum_generated,src-ko-curriculum-v0.1,question_answer,ko.math.v0.1.math.analysis.calculus.integral-calculus,false,false,approved,curriculum_generated from ko.math.v0.1.math.analysis.calculus.integral-calculus; lens=T; owner_approved_2026-09-05
ما أثر «التكامل» على الإنسان وأصحاب المصلحة؟ وأين تظهر تطبيقاته العملية في الحياة والصناعة؟,ar,decisive,H_human_value_context,,hard,math.analysis.calculus.integral-calculus,curriculum_generated,src-ko-curriculum-v0.1,question_answer,ko.math.v0.1.math.analysis.calculus.integral-calculus,false,false,approved,curriculum_generated from ko.math.v0.1.math.analysis.calculus.integral-calculus; lens=H; owner_approved_2026-09-05
من الأخطاء الشائعة عند دراسة «التكامل»: ما الفروق الدقيقة التي يخلط فيها المتعلمون بينه وبين المفاهيم المجاورة؟ (Route derivative-first questions to Differential Calculus and measure-theoretic questions beyond elementary integration to Analysis.),mixed,decisive,R_structure_relations,,hard,math.analysis.calculus.integral-calculus,curriculum_generated,src-ko-curriculum-v0.1,misconception_check,ko.math.v0.1.math.analysis.calculus.integral-calculus,false,true,approved,curriculum_generated from ko.math.v0.1.math.analysis.calculus.integral-calculus; lens=R; boundary_test; owner_approved_2026-09-05
"ما موضوع «حساب التفاضل والتكامل متعدد المتغيرات» وما الكيانات والمفاهيم الأساسية التي يتناولها؟ (The study of limits, derivatives, integrals, and optimization for functions of several real variables.)",mixed,decisive,O_subject_ontology,,hard,math.analysis.calculus.multivariable-calculus,curriculum_generated,src-ko-curriculum-v0.1,question_answer,ko.math.v0.1.math.analysis.calculus.multivariable-calculus,false,false,approved,curriculum_generated from ko.math.v0.1.math.analysis.calculus.multivariable-calculus; lens=O; owner_approved_2026-09-05
عند دراسة «حساب التفاضل والتكامل متعدد المتغيرات»: ما المراجع والأدلة الأساسية التي يستند إليها هذا الموضوع، وكيف نقيّم قوة كل دليل؟,ar,decisive,E_source_evidence,,hard,math.analysis.calculus.multivariable-calculus,curriculum_generated,src-ko-curriculum-v0.1,question_answer,ko.math.v0.1.math.analysis.calculus.multivariable-calculus,false,false,approved,curriculum_generated from ko.math.v0.1.math.analysis.calculus.multivariable-calculus; lens=E; owner_approved_2026-09-05
كيف يرتبط «حساب التفاضل والتكامل متعدد المتغيرات» بموضوعه الأب «حساب التفاضل والتكامل»؟ وما المفاهيم المجاورة التي تندرج معه تحت التخصص نفسه وما الحدود الفاصلة بينها؟,ar,decisive,R_structure_relations,,hard,math.analysis.calculus.multivariable-calculus,curriculum_generated,src-ko-curriculum-v0.1,question_answer,ko.math.v0.1.math.analysis.calculus.multivariable-calculus,false,false,approved,curriculum_generated from ko.math.v0.1.math.analysis.calculus.multivariable-calculus; lens=R; owner_approved_2026-09-05
ما معايير صحة المناهج والبراهين المستخدمة في «حساب التفاضل والتكامل متعدد المتغيرات»؟ وكيف نتحقق من صحة نتيجة قبل قبولها في هذا المجال؟,ar,decisive,M_method_validation,,hard,math.analysis.calculus.multivariable-calculus,curriculum_generated,src-ko-curriculum-v0.1,question_answer,ko.math.v0.1.math.analysis.calculus.multivariable-calculus,false,false,approved,curriculum_generated from ko.math.v0.1.math.analysis.calculus.multivariable-calculus; lens=M; owner_approved_2026-09-05
كيف نطبق مفاهيم «حساب التفاضل والتكامل متعدد المتغيرات» في مسألة عملية؟ اشرح خطوات الحل بمثال متدرج.,ar,decisive,A_function_application,,hard,math.analysis.calculus.multivariable-calculus,curriculum_generated,src-ko-curriculum-v0.1,question_answer,ko.math.v0.1.math.analysis.calculus.multivariable-calculus,false,false,approved,curriculum_generated from ko.math.v0.1.math.analysis.calculus.multivariable-calculus; lens=A; owner_approved_2026-09-05
كيف تطورت «حساب التفاضل والتكامل متعدد المتغيرات» تاريخيًا؟ وما المشكلات التي أحدثت ولادتها وأبرز المحطات في تطورها؟,ar,decisive,T_time_evolution,,hard,math.analysis.calculus.multivariable-calculus,curriculum_generated,src-ko-curriculum-v0.1,question_answer,ko.math.v0.1.math.analysis.calculus.multivariable-calculus,false,false,approved,curriculum_generated from ko.math.v0.1.math.analysis.calculus.multivariable-calculus; lens=T; owner_approved_2026-09-05
ما أثر «حساب التفاضل والتكامل متعدد المتغيرات» على الإنسان وأصحاب المصلحة؟ وأين تظهر تطبيقاته العملية في الحياة والصناعة؟,ar,decisive,H_human_value_context,,hard,math.analysis.calculus.multivariable-calculus,curriculum_generated,src-ko-curriculum-v0.1,question_answer,ko.math.v0.1.math.analysis.calculus.multivariable-calculus,false,false,approved,curriculum_generated from ko.math.v0.1.math.analysis.calculus.multivariable-calculus; lens=H; owner_approved_2026-09-05
من الأخطاء الشائعة عند دراسة «حساب التفاضل والتكامل متعدد المتغيرات»: ما الفروق الدقيقة التي يخلط فيها المتعلمون بينه وبين المفاهيم المجاورة؟ (Route smooth-manifold structure to Differential Geometry and one-variable fundamentals to Differential or Integral Calculus.),mixed,decisive,R_structure_relations,,hard,math.analysis.calculus.multivariable-calculus,curriculum_generated,src-ko-curriculum-v0.1,misconception_check,ko.math.v0.1.math.analysis.calculus.multivariable-calculus,false,true,approved,curriculum_generated from ko.math.v0.1.math.analysis.calculus.multivariable-calculus; lens=R; boundary_test; owner_approved_2026-09-05
"ما موضوع «حساب المتجهات» وما الكيانات والمفاهيم الأساسية التي يتناولها؟ (The study of scalar and vector fields, line and surface integrals, and differential operators in Euclidean spaces.)",mixed,decisive,O_subject_ontology,,hard,math.analysis.calculus.vector-calculus,curriculum_generated,src-ko-curriculum-v0.1,question_answer,ko.math.v0.1.math.analysis.calculus.vector-calculus,false,false,approved,curriculum_generated from ko.math.v0.1.math.analysis.calculus.vector-calculus; lens=O; owner_approved_2026-09-05
عند دراسة «حساب المتجهات»: ما المراجع والأدلة الأساسية التي يستند إليها هذا الموضوع، وكيف نقيّم قوة كل دليل؟,ar,decisive,E_source_evidence,,hard,math.analysis.calculus.vector-calculus,curriculum_generated,src-ko-curriculum-v0.1,question_answer,ko.math.v0.1.math.analysis.calculus.vector-calculus,false,false,approved,curriculum_generated from ko.math.v0.1.math.analysis.calculus.vector-calculus; lens=E; owner_approved_2026-09-05
كيف يرتبط «حساب المتجهات» بموضوعه الأب «حساب التفاضل والتكامل»؟ وما المفاهيم المجاورة التي تندرج معه تحت التخصص نفسه وما الحدود الفاصلة بينها؟,ar,decisive,R_structure_relations,,hard,math.analysis.calculus.vector-calculus,curriculum_generated,src-ko-curriculum-v0.1,question_answer,ko.math.v0.1.math.analysis.calculus.vector-calculus,false,false,approved,curriculum_generated from ko.math.v0.1.math.analysis.calculus.vector-calculus; lens=R; owner_approved_2026-09-05
ما معايير صحة المناهج والبراهين المستخدمة في «حساب المتجهات»؟ وكيف نتحقق من صحة نتيجة قبل قبولها في هذا المجال؟,ar,decisive,M_method_validation,,hard,math.analysis.calculus.vector-calculus,curriculum_generated,src-ko-curriculum-v0.1,question_answer,ko.math.v0.1.math.analysis.calculus.vector-calculus,false,false,approved,curriculum_generated from ko.math.v0.1.math.analysis.calculus.vector-calculus; lens=M; owner_approved_2026-09-05
كيف نطبق مفاهيم «حساب المتجهات» في مسألة عملية؟ اشرح خطوات الحل بمثال متدرج.,ar,decisive,A_function_application,,hard,math.analysis.calculus.vector-calculus,curriculum_generated,src-ko-curriculum-v0.1,question_answer,ko.math.v0.1.math.analysis.calculus.vector-calculus,false,false,approved,curriculum_generated from ko.math.v0.1.math.analysis.calculus.vector-calculus; lens=A; owner_approved_2026-09-05
كيف تطورت «حساب المتجهات» تاريخيًا؟ وما المشكلات التي أحدثت ولادتها وأبرز المحطات في تطورها؟,ar,decisive,T_time_evolution,,hard,math.analysis.calculus.vector-calculus,curriculum_generated,src-ko-curriculum-v0.1,question_answer,ko.math.v0.1.math.analysis.calculus.vector-calculus,false,false,approved,curriculum_generated from ko.math.v0.1.math.analysis.calculus.vector-calculus; lens=T; owner_approved_2026-09-05
ما أثر «حساب المتجهات» على الإنسان وأصحاب المصلحة؟ وأين تظهر تطبيقاته العملية في الحياة والصناعة؟,ar,decisive,H_human_value_context,,hard,math.analysis.calculus.vector-calculus,curriculum_generated,src-ko-curriculum-v0.1,question_answer,ko.math.v0.1.math.analysis.calculus.vector-calculus,false,false,approved,curriculum_generated from ko.math.v0.1.math.analysis.calculus.vector-calculus; lens=H; owner_approved_2026-09-05
من الأخطاء الشائعة عند دراسة «حساب المتجهات»: ما الفروق الدقيقة التي يخلط فيها المتعلمون بينه وبين المفاهيم المجاورة؟ (Require a vector/scalar field or line/surface operation; route abstract vector spaces to Linear Algebra.),mixed,decisive,R_structure_relations,,hard,math.analysis.calculus.vector-calculus,curriculum_generated,src-ko-curriculum-v0.1,misconception_check,ko.math.v0.1.math.analysis.calculus.vector-calculus,false,true,approved,curriculum_generated from ko.math.v0.1.math.analysis.calculus.vector-calculus; lens=R; boundary_test; owner_approved_2026-09-05
"ما موضوع «أسس الاحتمالات» وما الكيانات والمفاهيم الأساسية التي يتناولها؟ (The axioms, events, sigma-algebras, probability measures, conditional probability, and independence underlying probability theory.)",mixed,decisive,O_subject_ontology,,hard,math.probability-statistics.probability.probability-foundations,curriculum_generated,src-ko-curriculum-v0.1,question_answer,ko.math.v0.1.math.probability-statistics.probability.probability-foundations,false,false,approved,curriculum_generated from ko.math.v0.1.math.probability-statistics.probability.probability-foundations; lens=O; owner_approved_2026-09-05
عند دراسة «أسس الاحتمالات»: ما المراجع والأدلة الأساسية التي يستند إليها هذا الموضوع، وكيف نقيّم قوة كل دليل؟,ar,decisive,E_source_evidence,,hard,math.probability-statistics.probability.probability-foundations,curriculum_generated,src-ko-curriculum-v0.1,question_answer,ko.math.v0.1.math.probability-statistics.probability.probability-foundations,false,false,approved,curriculum_generated from ko.math.v0.1.math.probability-statistics.probability.probability-foundations; lens=E; owner_approved_2026-09-05
كيف يرتبط «أسس الاحتمالات» بموضوعه الأب «نظرية الاحتمالات»؟ وما المفاهيم المجاورة التي تندرج معه تحت التخصص نفسه وما الحدود الفاصلة بينها؟,ar,decisive,R_structure_relations,,hard,math.probability-statistics.probability.probability-foundations,curriculum_generated,src-ko-curriculum-v0.1,question_answer,ko.math.v0.1.math.probability-statistics.probability.probability-foundations,false,false,approved,curriculum_generated from ko.math.v0.1.math.probability-statistics.probability.probability-foundations; lens=R; owner_approved_2026-09-05
ما معايير صحة المناهج والبراهين المستخدمة في «أسس الاحتمالات»؟ وكيف نتحقق من صحة نتيجة قبل قبولها في هذا المجال؟,ar,decisive,M_method_validation,,hard,math.probability-statistics.probability.probability-foundations,curriculum_generated,src-ko-curriculum-v0.1,question_answer,ko.math.v0.1.math.probability-statistics.probability.probability-foundations,false,false,approved,curriculum_generated from ko.math.v0.1.math.probability-statistics.probability.probability-foundations; lens=M; owner_approved_2026-09-05
كيف نطبق مفاهيم «أسس الاحتمالات» في مسألة عملية؟ اشرح خطوات الحل بمثال متدرج.,ar,decisive,A_function_application,,hard,math.probability-statistics.probability.probability-foundations,curriculum_generated,src-ko-curriculum-v0.1,question_answer,ko.math.v0.1.math.probability-statistics.probability.probability-foundations,false,false,approved,curriculum_generated from ko.math.v0.1.math.probability-statistics.probability.probability-foundations; lens=A; owner_approved_2026-09-05
كيف تطورت «أسس الاحتمالات» تاريخيًا؟ وما المشكلات التي أحدثت ولادتها وأبرز المحطات في تطورها؟,ar,decisive,T_time_evolution,,hard,math.probability-statistics.probability.probability-foundations,curriculum_generated,src-ko-curriculum-v0.1,question_answer,ko.math.v0.1.math.probability-statistics.probability.probability-foundations,false,false,approved,curriculum_generated from ko.math.v0.1.math.probability-statistics.probability.probability-foundations; lens=T; owner_approved_2026-09-05
ما أثر «أسس الاحتمالات» على الإنسان وأصحاب المصلحة؟ وأين تظهر تطبيقاته العملية في الحياة والصناعة؟,ar,decisive,H_human_value_context,,hard,math.probability-statistics.probability.probability-foundations,curriculum_generated,src-ko-curriculum-v0.1,question_answer,ko.math.v0.1.math.probability-statistics.probability.probability-foundations,false,false,approved,curriculum_generated from ko.math.v0.1.math.probability-statistics.probability.probability-foundations; lens=H; owner_approved_2026-09-05
من الأخطاء الشائعة عند دراسة «أسس الاحتمالات»: ما الفروق الدقيقة التي يخلط فيها المتعلمون بينه وبين المفاهيم المجاورة؟ (Include probability spaces and measure-level definitions; route sample-based estimation to Statistical Inference.),mixed,decisive,R_structure_relations,,hard,math.probability-statistics.probability.probability-foundations,curriculum_generated,src-ko-curriculum-v0.1,misconception_check,ko.math.v0.1.math.probability-statistics.probability.probability-foundations,false,true,approved,curriculum_generated from ko.math.v0.1.math.probability-statistics.probability.probability-foundations; lens=R; boundary_test; owner_approved_2026-09-05
"ما موضوع «المتغيرات العشوائية والتوزيعات» وما الكيانات والمفاهيم الأساسية التي يتناولها؟ (The study of random variables, probability distributions, expectations, moments, dependence, and transformations.)",mixed,decisive,O_subject_ontology,,hard,math.probability-statistics.probability.random-variables-distributions,curriculum_generated,src-ko-curriculum-v0.1,question_answer,ko.math.v0.1.math.probability-statistics.probability.random-variables-distributions,false,false,approved,curriculum_generated from ko.math.v0.1.math.probability-statistics.probability.random-variables-distributions; lens=O; owner_approved_2026-09-05
عند دراسة «المتغيرات العشوائية والتوزيعات»: ما المراجع والأدلة الأساسية التي يستند إليها هذا الموضوع، وكيف نقيّم قوة كل دليل؟,ar,decisive,E_source_evidence,,hard,math.probability-statistics.probability.random-variables-distributions,curriculum_generated,src-ko-curriculum-v0.1,question_answer,ko.math.v0.1.math.probability-statistics.probability.random-variables-distributions,false,false,approved,curriculum_generated from ko.math.v0.1.math.probability-statistics.probability.random-variables-distributions; lens=E; owner_approved_2026-09-05
كيف يرتبط «المتغيرات العشوائية والتوزيعات» بموضوعه الأب «نظرية الاحتمالات»؟ وما المفاهيم المجاورة التي تندرج معه تحت التخصص نفسه وما الحدود الفاصلة بينها؟,ar,decisive,R_structure_relations,,hard,math.probability-statistics.probability.random-variables-distributions,curriculum_generated,src-ko-curriculum-v0.1,question_answer,ko.math.v0.1.math.probability-statistics.probability.random-variables-distributions,false,false,approved,curriculum_generated from ko.math.v0.1.math.probability-statistics.probability.random-variables-distributions; lens=R; owner_approved_2026-09-05
ما معايير صحة المناهج والبراهين المستخدمة في «المتغيرات العشوائية والتوزيعات»؟ وكيف نتحقق من صحة نتيجة قبل قبولها في هذا المجال؟,ar,decisive,M_method_validation,,hard,math.probability-statistics.probability.random-variables-distributions,curriculum_generated,src-ko-curriculum-v0.1,question_answer,ko.math.v0.1.math.probability-statistics.probability.random-variables-distributions,false,false,approved,curriculum_generated from ko.math.v0.1.math.probability-statistics.probability.random-variables-distributions; lens=M; owner_approved_2026-09-05
كيف نطبق مفاهيم «المتغيرات العشوائية والتوزيعات» في مسألة عملية؟ اشرح خطوات الحل بمثال متدرج.,ar,decisive,A_function_application,,hard,math.probability-statistics.probability.random-variables-distributions,curriculum_generated,src-ko-curriculum-v0.1,question_answer,ko.math.v0.1.math.probability-statistics.probability.random-variables-distributions,false,false,approved,curriculum_generated from ko.math.v0.1.math.probability-statistics.probability.random-variables-distributions; lens=A; owner_approved_2026-09-05
كيف تطورت «المتغيرات العشوائية والتوزيعات» تاريخيًا؟ وما المشكلات التي أحدثت ولادتها وأبرز المحطات في تطورها؟,ar,decisive,T_time_evolution,,hard,math.probability-statistics.probability.random-variables-distributions,curriculum_generated,src-ko-curriculum-v0.1,question_answer,ko.math.v0.1.math.probability-statistics.probability.random-variables-distributions,false,false,approved,curriculum_generated from ko.math.v0.1.math.probability-statistics.probability.random-variables-distributions; lens=T; owner_approved_2026-09-05
ما أثر «المتغيرات العشوائية والتوزيعات» على الإنسان وأصحاب المصلحة؟ وأين تظهر تطبيقاته العملية في الحياة والصناعة؟,ar,decisive,H_human_value_context,,hard,math.probability-statistics.probability.random-variables-distributions,curriculum_generated,src-ko-curriculum-v0.1,question_answer,ko.math.v0.1.math.probability-statistics.probability.random-variables-distributions,false,false,approved,curriculum_generated from ko.math.v0.1.math.probability-statistics.probability.random-variables-distributions; lens=H; owner_approved_2026-09-05
من الأخطاء الشائعة عند دراسة «المتغيرات العشوائية والتوزيعات»: ما الفروق الدقيقة التي يخلط فيها المتعلمون بينه وبين المفاهيم المجاورة؟ (Route time-indexed dependence to Stochastic Processes and data-based estimation to Statistics.),mixed,decisive,R_structure_relations,,hard,math.probability-statistics.probability.random-variables-distributions,curriculum_generated,src-ko-curriculum-v0.1,misconception_check,ko.math.v0.1.math.probability-statistics.probability.random-variables-distributions,false,true,approved,curriculum_generated from ko.math.v0.1.math.probability-statistics.probability.random-variables-distributions; lens=R; boundary_test; owner_approved_2026-09-05
"ما موضوع «العمليات العشوائية» وما الكيانات والمفاهيم الأساسية التي يتناولها؟ (The study of random processes indexed by time or another parameter, including dependence, paths, and long-run behavior.)",mixed,decisive,O_subject_ontology,,hard,math.probability-statistics.probability.stochastic-processes,curriculum_generated,src-ko-curriculum-v0.1,question_answer,ko.math.v0.1.math.probability-statistics.probability.stochastic-processes,false,false,approved,curriculum_generated from ko.math.v0.1.math.probability-statistics.probability.stochastic-processes; lens=O; owner_approved_2026-09-05
عند دراسة «العمليات العشوائية»: ما المراجع والأدلة الأساسية التي يستند إليها هذا الموضوع، وكيف نقيّم قوة كل دليل؟,ar,decisive,E_source_evidence,,hard,math.probability-statistics.probability.stochastic-processes,curriculum_generated,src-ko-curriculum-v0.1,question_answer,ko.math.v0.1.math.probability-statistics.probability.stochastic-processes,false,false,approved,curriculum_generated from ko.math.v0.1.math.probability-statistics.probability.stochastic-processes; lens=E; owner_approved_2026-09-05
كيف يرتبط «العمليات العشوائية» بموضوعه الأب «نظرية الاحتمالات»؟ وما المفاهيم المجاورة التي تندرج معه تحت التخصص نفسه وما الحدود الفاصلة بينها؟,ar,decisive,R_structure_relations,,hard,math.probability-statistics.probability.stochastic-processes,curriculum_generated,src-ko-curriculum-v0.1,question_answer,ko.math.v0.1.math.probability-statistics.probability.stochastic-processes,false,false,approved,curriculum_generated from ko.math.v0.1.math.probability-statistics.probability.stochastic-processes; lens=R; owner_approved_2026-09-05
ما معايير صحة المناهج والبراهين المستخدمة في «العمليات العشوائية»؟ وكيف نتحقق من صحة نتيجة قبل قبولها في هذا المجال؟,ar,decisive,M_method_validation,,hard,math.probability-statistics.probability.stochastic-processes,curriculum_generated,src-ko-curriculum-v0.1,question_answer,ko.math.v0.1.math.probability-statistics.probability.stochastic-processes,false,false,approved,curriculum_generated from ko.math.v0.1.math.probability-statistics.probability.stochastic-processes; lens=M; owner_approved_2026-09-05
كيف نطبق مفاهيم «العمليات العشوائية» في مسألة عملية؟ اشرح خطوات الحل بمثال متدرج.,ar,decisive,A_function_application,,hard,math.probability-statistics.probability.stochastic-processes,curriculum_generated,src-ko-curriculum-v0.1,question_answer,ko.math.v0.1.math.probability-statistics.probability.stochastic-processes,false,false,approved,curriculum_generated from ko.math.v0.1.math.probability-statistics.probability.stochastic-processes; lens=A; owner_approved_2026-09-05
كيف تطورت «العمليات العشوائية» تاريخيًا؟ وما المشكلات التي أحدثت ولادتها وأبرز المحطات في تطورها؟,ar,decisive,T_time_evolution,,hard,math.probability-statistics.probability.stochastic-processes,curriculum_generated,src-ko-curriculum-v0.1,question_answer,ko.math.v0.1.math.probability-statistics.probability.stochastic-processes,false,false,approved,curriculum_generated from ko.math.v0.1.math.probability-statistics.probability.stochastic-processes; lens=T; owner_approved_2026-09-05
ما أثر «العمليات العشوائية» على الإنسان وأصحاب المصلحة؟ وأين تظهر تطبيقاته العملية في الحياة والصناعة؟,ar,decisive,H_human_value_context,,hard,math.probability-statistics.probability.stochastic-processes,curriculum_generated,src-ko-curriculum-v0.1,question_answer,ko.math.v0.1.math.probability-statistics.probability.stochastic-processes,false,false,approved,curriculum_generated from ko.math.v0.1.math.probability-statistics.probability.stochastic-processes; lens=H; owner_approved_2026-09-05
من الأخطاء الشائعة عند دراسة «العمليات العشوائية»: ما الفروق الدقيقة التي يخلط فيها المتعلمون بينه وبين المفاهيم المجاورة؟ (Require a random process indexed by time or another parameter; exclude single random variables.),mixed,decisive,R_structure_relations,,hard,math.probability-statistics.probability.stochastic-processes,curriculum_generated,src-ko-curriculum-v0.1,misconception_check,ko.math.v0.1.math.probability-statistics.probability.stochastic-processes,false,true,approved,curriculum_generated from ko.math.v0.1.math.probability-statistics.probability.stochastic-processes; lens=R; boundary_test; owner_approved_2026-09-05
"ما موضوع «الاستدلال الإحصائي» وما الكيانات والمفاهيم الأساسية التي يتناولها؟ (The study of estimating unknown quantities, testing hypotheses, and quantifying uncertainty from data under statistical models.)",mixed,decisive,O_subject_ontology,,hard,math.probability-statistics.statistics.statistical-inference,curriculum_generated,src-ko-curriculum-v0.1,question_answer,ko.math.v0.1.math.probability-statistics.statistics.statistical-inference,false,false,approved,curriculum_generated from ko.math.v0.1.math.probability-statistics.statistics.statistical-inference; lens=O; owner_approved_2026-09-05
عند دراسة «الاستدلال الإحصائي»: ما المراجع والأدلة الأساسية التي يستند إليها هذا الموضوع، وكيف نقيّم قوة كل دليل؟,ar,decisive,E_source_evidence,,hard,math.probability-statistics.statistics.statistical-inference,curriculum_generated,src-ko-curriculum-v0.1,question_answer,ko.math.v0.1.math.probability-statistics.statistics.statistical-inference,false,false,approved,curriculum_generated from ko.math.v0.1.math.probability-statistics.statistics.statistical-inference; lens=E; owner_approved_2026-09-05
كيف يرتبط «الاستدلال الإحصائي» بموضوعه الأب «الإحصاء الرياضي»؟ وما المفاهيم المجاورة التي تندرج معه تحت التخصص نفسه وما الحدود الفاصلة بينها؟,ar,decisive,R_structure_relations,,hard,math.probability-statistics.statistics.statistical-inference,curriculum_generated,src-ko-curriculum-v0.1,question_answer,ko.math.v0.1.math.probability-statistics.statistics.statistical-inference,false,false,approved,curriculum_generated from ko.math.v0.1.math.probability-statistics.statistics.statistical-inference; lens=R; owner_approved_2026-09-05
ما معايير صحة المناهج والبراهين المستخدمة في «الاستدلال الإحصائي»؟ وكيف نتحقق من صحة نتيجة قبل قبولها في هذا المجال؟,ar,decisive,M_method_validation,,hard,math.probability-statistics.statistics.statistical-inference,curriculum_generated,src-ko-curriculum-v0.1,question_answer,ko.math.v0.1.math.probability-statistics.statistics.statistical-inference,false,false,approved,curriculum_generated from ko.math.v0.1.math.probability-statistics.statistics.statistical-inference; lens=M; owner_approved_2026-09-05
كيف نطبق مفاهيم «الاستدلال الإحصائي» في مسألة عملية؟ اشرح خطوات الحل بمثال متدرج.,ar,decisive,A_function_application,,hard,math.probability-statistics.statistics.statistical-inference,curriculum_generated,src-ko-curriculum-v0.1,question_answer,ko.math.v0.1.math.probability-statistics.statistics.statistical-inference,false,false,approved,curriculum_generated from ko.math.v0.1.math.probability-statistics.statistics.statistical-inference; lens=A; owner_approved_2026-09-05
كيف تطورت «الاستدلال الإحصائي» تاريخيًا؟ وما المشكلات التي أحدثت ولادتها وأبرز المحطات في تطورها؟,ar,decisive,T_time_evolution,,hard,math.probability-statistics.statistics.statistical-inference,curriculum_generated,src-ko-curriculum-v0.1,question_answer,ko.math.v0.1.math.probability-statistics.statistics.statistical-inference,false,false,approved,curriculum_generated from ko.math.v0.1.math.probability-statistics.statistics.statistical-inference; lens=T; owner_approved_2026-09-05
ما أثر «الاستدلال الإحصائي» على الإنسان وأصحاب المصلحة؟ وأين تظهر تطبيقاته العملية في الحياة والصناعة؟,ar,decisive,H_human_value_context,,hard,math.probability-statistics.statistics.statistical-inference,curriculum_generated,src-ko-curriculum-v0.1,question_answer,ko.math.v0.1.math.probability-statistics.statistics.statistical-inference,false,false,approved,curriculum_generated from ko.math.v0.1.math.probability-statistics.statistics.statistical-inference; lens=H; owner_approved_2026-09-05
من الأخطاء الشائعة عند دراسة «الاستدلال الإحصائي»: ما الفروق الدقيقة التي يخلط فيها المتعلمون بينه وبين المفاهيم المجاورة؟ (Require a model-based claim about unknown quantities or hypotheses; route prediction-specific models to Regression Analysis when appropriate.),mixed,decisive,R_structure_relations,,hard,math.probability-statistics.statistics.statistical-inference,curriculum_generated,src-ko-curriculum-v0.1,misconception_check,ko.math.v0.1.math.probability-statistics.statistics.statistical-inference,false,true,approved,curriculum_generated from ko.math.v0.1.math.probability-statistics.statistics.statistical-inference; lens=R; boundary_test; owner_approved_2026-09-05
"ما موضوع «تحليل الانحدار» وما الكيانات والمفاهيم الأساسية التي يتناولها؟ (The study of conditional relationships and prediction using regression models, including linear and generalized models.)",mixed,decisive,O_subject_ontology,,hard,math.probability-statistics.statistics.regression-analysis,curriculum_generated,src-ko-curriculum-v0.1,question_answer,ko.math.v0.1.math.probability-statistics.statistics.regression-analysis,false,false,approved,curriculum_generated from ko.math.v0.1.math.probability-statistics.statistics.regression-analysis; lens=O; owner_approved_2026-09-05
عند دراسة «تحليل الانحدار»: ما المراجع والأدلة الأساسية التي يستند إليها هذا الموضوع، وكيف نقيّم قوة كل دليل؟,ar,decisive,E_source_evidence,,hard,math.probability-statistics.statistics.regression-analysis,curriculum_generated,src-ko-curriculum-v0.1,question_answer,ko.math.v0.1.math.probability-statistics.statistics.regression-analysis,false,false,approved,curriculum_generated from ko.math.v0.1.math.probability-statistics.statistics.regression-analysis; lens=E; owner_approved_2026-09-05
كيف يرتبط «تحليل الانحدار» بموضوعه الأب «الإحصاء الرياضي»؟ وما المفاهيم المجاورة التي تندرج معه تحت التخصص نفسه وما الحدود الفاصلة بينها؟,ar,decisive,R_structure_relations,,hard,math.probability-statistics.statistics.regression-analysis,curriculum_generated,src-ko-curriculum-v0.1,question_answer,ko.math.v0.1.math.probability-statistics.statistics.regression-analysis,false,false,approved,curriculum_generated from ko.math.v0.1.math.probability-statistics.statistics.regression-analysis; lens=R; owner_approved_2026-09-05
ما معايير صحة المناهج والبراهين المستخدمة في «تحليل الانحدار»؟ وكيف نتحقق من صحة نتيجة قبل قبولها في هذا المجال؟,ar,decisive,M_method_validation,,hard,math.probability-statistics.statistics.regression-analysis,curriculum_generated,src-ko-curriculum-v0.1,question_answer,ko.math.v0.1.math.probability-statistics.statistics.regression-analysis,false,false,approved,curriculum_generated from ko.math.v0.1.math.probability-statistics.statistics.regression-analysis; lens=M; owner_approved_2026-09-05
كيف نطبق مفاهيم «تحليل الانحدار» في مسألة عملية؟ اشرح خطوات الحل بمثال متدرج.,ar,decisive,A_function_application,,hard,math.probability-statistics.statistics.regression-analysis,curriculum_generated,src-ko-curriculum-v0.1,question_answer,ko.math.v0.1.math.probability-statistics.statistics.regression-analysis,false,false,approved,curriculum_generated from ko.math.v0.1.math.probability-statistics.statistics.regression-analysis; lens=A; owner_approved_2026-09-05
كيف تطورت «تحليل الانحدار» تاريخيًا؟ وما المشكلات التي أحدثت ولادتها وأبرز المحطات في تطورها؟,ar,decisive,T_time_evolution,,hard,math.probability-statistics.statistics.regression-analysis,curriculum_generated,src-ko-curriculum-v0.1,question_answer,ko.math.v0.1.math.probability-statistics.statistics.regression-analysis,false,false,approved,curriculum_generated from ko.math.v0.1.math.probability-statistics.statistics.regression-analysis; lens=T; owner_approved_2026-09-05
ما أثر «تحليل الانحدار» على الإنسان وأصحاب المصلحة؟ وأين تظهر تطبيقاته العملية في الحياة والصناعة؟,ar,decisive,H_human_value_context,,hard,math.probability-statistics.statistics.regression-analysis,curriculum_generated,src-ko-curriculum-v0.1,question_answer,ko.math.v0.1.math.probability-statistics.statistics.regression-analysis,false,false,approved,curriculum_generated from ko.math.v0.1.math.probability-statistics.statistics.regression-analysis; lens=H; owner_approved_2026-09-05
من الأخطاء الشائعة عند دراسة «تحليل الانحدار»: ما الفروق الدقيقة التي يخلط فيها المتعلمون بينه وبين المفاهيم المجاورة؟ (Require a regression relationship; route general estimation without a regression structure to Statistical Inference.),mixed,decisive,R_structure_relations,,hard,math.probability-statistics.statistics.regression-analysis,curriculum_generated,src-ko-curriculum-v0.1,misconception_check,ko.math.v0.1.math.probability-statistics.statistics.regression-analysis,false,true,approved,curriculum_generated from ko.math.v0.1.math.probability-statistics.statistics.regression-analysis; lens=R; boundary_test; owner_approved_2026-09-05
"ما موضوع «تصميم التجارب» وما الكيانات والمفاهيم الأساسية التي يتناولها؟ (The study of principled assignment, control, randomization, and analysis plans for learning causal or comparative information from experiments.)",mixed,decisive,O_subject_ontology,,hard,math.probability-statistics.statistics.experimental-design,curriculum_generated,src-ko-curriculum-v0.1,question_answer,ko.math.v0.1.math.probability-statistics.statistics.experimental-design,false,false,approved,curriculum_generated from ko.math.v0.1.math.probability-statistics.statistics.experimental-design; lens=O; owner_approved_2026-09-05
عند دراسة «تصميم التجارب»: ما المراجع والأدلة الأساسية التي يستند إليها هذا الموضوع، وكيف نقيّم قوة كل دليل؟,ar,decisive,E_source_evidence,,hard,math.probability-statistics.statistics.experimental-design,curriculum_generated,src-ko-curriculum-v0.1,question_answer,ko.math.v0.1.math.probability-statistics.statistics.experimental-design,false,false,approved,curriculum_generated from ko.math.v0.1.math.probability-statistics.statistics.experimental-design; lens=E; owner_approved_2026-09-05
كيف يرتبط «تصميم التجارب» بموضوعه الأب «الإحصاء الرياضي»؟ وما المفاهيم المجاورة التي تندرج معه تحت التخصص نفسه وما الحدود الفاصلة بينها؟,ar,decisive,R_structure_relations,,hard,math.probability-statistics.statistics.experimental-design,curriculum_generated,src-ko-curriculum-v0.1,question_answer,ko.math.v0.1.math.probability-statistics.statistics.experimental-design,false,false,approved,curriculum_generated from ko.math.v0.1.math.probability-statistics.statistics.experimental-design; lens=R; owner_approved_2026-09-05
ما معايير صحة المناهج والبراهين المستخدمة في «تصميم التجارب»؟ وكيف نتحقق من صحة نتيجة قبل قبولها في هذا المجال؟,ar,decisive,M_method_validation,,hard,math.probability-statistics.statistics.experimental-design,curriculum_generated,src-ko-curriculum-v0.1,question_answer,ko.math.v0.1.math.probability-statistics.statistics.experimental-design,false,false,approved,curriculum_generated from ko.math.v0.1.math.probability-statistics.statistics.experimental-design; lens=M; owner_approved_2026-09-05
كيف نطبق مفاهيم «تصميم التجارب» في مسألة عملية؟ اشرح خطوات الحل بمثال متدرج.,ar,decisive,A_function_application,,hard,math.probability-statistics.statistics.experimental-design,curriculum_generated,src-ko-curriculum-v0.1,question_answer,ko.math.v0.1.math.probability-statistics.statistics.experimental-design,false,false,approved,curriculum_generated from ko.math.v0.1.math.probability-statistics.statistics.experimental-design; lens=A; owner_approved_2026-09-05
كيف تطورت «تصميم التجارب» تاريخيًا؟ وما المشكلات التي أحدثت ولادتها وأبرز المحطات في تطورها؟,ar,decisive,T_time_evolution,,hard,math.probability-statistics.statistics.experimental-design,curriculum_generated,src-ko-curriculum-v0.1,question_answer,ko.math.v0.1.math.probability-statistics.statistics.experimental-design,false,false,approved,curriculum_generated from ko.math.v0.1.math.probability-statistics.statistics.experimental-design; lens=T; owner_approved_2026-09-05
ما أثر «تصميم التجارب» على الإنسان وأصحاب المصلحة؟ وأين تظهر تطبيقاته العملية في الحياة والصناعة؟,ar,decisive,H_human_value_context,,hard,math.probability-statistics.statistics.experimental-design,curriculum_generated,src-ko-curriculum-v0.1,question_answer,ko.math.v0.1.math.probability-statistics.statistics.experimental-design,false,false,approved,curriculum_generated from ko.math.v0.1.math.probability-statistics.statistics.experimental-design; lens=H; owner_approved_2026-09-05
من الأخطاء الشائعة عند دراسة «تصميم التجارب»: ما الفروق الدقيقة التي يخلط فيها المتعلمون بينه وبين المفاهيم المجاورة؟ (Require a statistical design or assignment question; exclude operational experiment execution.),mixed,decisive,R_structure_relations,,hard,math.probability-statistics.statistics.experimental-design,curriculum_generated,src-ko-curriculum-v0.1,misconception_check,ko.math.v0.1.math.probability-statistics.statistics.experimental-design,false,true,approved,curriculum_generated from ko.math.v0.1.math.probability-statistics.statistics.experimental-design; lens=R; boundary_test; owner_approved_2026-09-05
ما موضوع «الإحصاء البايزي» وما الكيانات والمفاهيم الأساسية التي يتناولها؟ (The study of statistical reasoning that combines prior distributions with likelihoods to obtain posterior uncertainty and decisions.),mixed,decisive,O_subject_ontology,,hard,math.probability-statistics.statistics.bayesian-statistics,curriculum_generated,src-ko-curriculum-v0.1,question_answer,ko.math.v0.1.math.probability-statistics.statistics.bayesian-statistics,false,false,approved,curriculum_generated from ko.math.v0.1.math.probability-statistics.statistics.bayesian-statistics; lens=O; owner_approved_2026-09-05
عند دراسة «الإحصاء البايزي»: ما المراجع والأدلة الأساسية التي يستند إليها هذا الموضوع، وكيف نقيّم قوة كل دليل؟,ar,decisive,E_source_evidence,,hard,math.probability-statistics.statistics.bayesian-statistics,curriculum_generated,src-ko-curriculum-v0.1,question_answer,ko.math.v0.1.math.probability-statistics.statistics.bayesian-statistics,false,false,approved,curriculum_generated from ko.math.v0.1.math.probability-statistics.statistics.bayesian-statistics; lens=E; owner_approved_2026-09-05
كيف يرتبط «الإحصاء البايزي» بموضوعه الأب «الإحصاء الرياضي»؟ وما المفاهيم المجاورة التي تندرج معه تحت التخصص نفسه وما الحدود الفاصلة بينها؟,ar,decisive,R_structure_relations,,hard,math.probability-statistics.statistics.bayesian-statistics,curriculum_generated,src-ko-curriculum-v0.1,question_answer,ko.math.v0.1.math.probability-statistics.statistics.bayesian-statistics,false,false,approved,curriculum_generated from ko.math.v0.1.math.probability-statistics.statistics.bayesian-statistics; lens=R; owner_approved_2026-09-05
ما معايير صحة المناهج والبراهين المستخدمة في «الإحصاء البايزي»؟ وكيف نتحقق من صحة نتيجة قبل قبولها في هذا المجال؟,ar,decisive,M_method_validation,,hard,math.probability-statistics.statistics.bayesian-statistics,curriculum_generated,src-ko-curriculum-v0.1,question_answer,ko.math.v0.1.math.probability-statistics.statistics.bayesian-statistics,false,false,approved,curriculum_generated from ko.math.v0.1.math.probability-statistics.statistics.bayesian-statistics; lens=M; owner_approved_2026-09-05
كيف نطبق مفاهيم «الإحصاء البايزي» في مسألة عملية؟ اشرح خطوات الحل بمثال متدرج.,ar,decisive,A_function_application,,hard,math.probability-statistics.statistics.bayesian-statistics,curriculum_generated,src-ko-curriculum-v0.1,question_answer,ko.math.v0.1.math.probability-statistics.statistics.bayesian-statistics,false,false,approved,curriculum_generated from ko.math.v0.1.math.probability-statistics.statistics.bayesian-statistics; lens=A; owner_approved_2026-09-05
كيف تطورت «الإحصاء البايزي» تاريخيًا؟ وما المشكلات التي أحدثت ولادتها وأبرز المحطات في تطورها؟,ar,decisive,T_time_evolution,,hard,math.probability-statistics.statistics.bayesian-statistics,curriculum_generated,src-ko-curriculum-v0.1,question_answer,ko.math.v0.1.math.probability-statistics.statistics.bayesian-statistics,false,false,approved,curriculum_generated from ko.math.v0.1.math.probability-statistics.statistics.bayesian-statistics; lens=T; owner_approved_2026-09-05
ما أثر «الإحصاء البايزي» على الإنسان وأصحاب المصلحة؟ وأين تظهر تطبيقاته العملية في الحياة والصناعة؟,ar,decisive,H_human_value_context,,hard,math.probability-statistics.statistics.bayesian-statistics,curriculum_generated,src-ko-curriculum-v0.1,question_answer,ko.math.v0.1.math.probability-statistics.statistics.bayesian-statistics,false,false,approved,curriculum_generated from ko.math.v0.1.math.probability-statistics.statistics.bayesian-statistics; lens=H; owner_approved_2026-09-05
من الأخطاء الشائعة عند دراسة «الإحصاء البايزي»: ما الفروق الدقيقة التي يخلط فيها المتعلمون بينه وبين المفاهيم المجاورة؟ (Require Bayesian updating or decision structure; route non-Bayesian inference to Statistical Inference.),mixed,decisive,R_structure_relations,,hard,math.probability-statistics.statistics.bayesian-statistics,curriculum_generated,src-ko-curriculum-v0.1,misconception_check,ko.math.v0.1.math.probability-statistics.statistics.bayesian-statistics,false,true,approved,curriculum_generated from ko.math.v0.1.math.probability-statistics.statistics.bayesian-statistics; lens=R; boundary_test; owner_approved_2026-09-05
"ما موضوع «التوافقيات العدّية» وما الكيانات والمفاهيم الأساسية التي يتناولها؟ (The study of counting finite structures, generating functions, recurrence relations, and exact enumeration methods.)",mixed,decisive,O_subject_ontology,,hard,math.discrete-mathematics.combinatorics.enumerative-combinatorics,curriculum_generated,src-ko-curriculum-v0.1,question_answer,ko.math.v0.1.math.discrete-mathematics.combinatorics.enumerative-combinatorics,false,false,approved,curriculum_generated from ko.math.v0.1.math.discrete-mathematics.combinatorics.enumerative-combinatorics; lens=O; owner_approved_2026-09-05
عند دراسة «التوافقيات العدّية»: ما المراجع والأدلة الأساسية التي يستند إليها هذا الموضوع، وكيف نقيّم قوة كل دليل؟,ar,decisive,E_source_evidence,,hard,math.discrete-mathematics.combinatorics.enumerative-combinatorics,curriculum_generated,src-ko-curriculum-v0.1,question_answer,ko.math.v0.1.math.discrete-mathematics.combinatorics.enumerative-combinatorics,false,false,approved,curriculum_generated from ko.math.v0.1.math.discrete-mathematics.combinatorics.enumerative-combinatorics; lens=E; owner_approved_2026-09-05
كيف يرتبط «التوافقيات العدّية» بموضوعه الأب «التوافقيات»؟ وما المفاهيم المجاورة التي تندرج معه تحت التخصص نفسه وما الحدود الفاصلة بينها؟,ar,decisive,R_structure_relations,,hard,math.discrete-mathematics.combinatorics.enumerative-combinatorics,curriculum_generated,src-ko-curriculum-v0.1,question_answer,ko.math.v0.1.math.discrete-mathematics.combinatorics.enumerative-combinatorics,false,false,approved,curriculum_generated from ko.math.v0.1.math.discrete-mathematics.combinatorics.enumerative-combinatorics; lens=R; owner_approved_2026-09-05
ما معايير صحة المناهج والبراهين المستخدمة في «التوافقيات العدّية»؟ وكيف نتحقق من صحة نتيجة قبل قبولها في هذا المجال؟,ar,decisive,M_method_validation,,hard,math.discrete-mathematics.combinatorics.enumerative-combinatorics,curriculum_generated,src-ko-curriculum-v0.1,question_answer,ko.math.v0.1.math.discrete-mathematics.combinatorics.enumerative-combinatorics,false,false,approved,curriculum_generated from ko.math.v0.1.math.discrete-mathematics.combinatorics.enumerative-combinatorics; lens=M; owner_approved_2026-09-05
كيف نطبق مفاهيم «التوافقيات العدّية» في مسألة عملية؟ اشرح خطوات الحل بمثال متدرج.,ar,decisive,A_function_application,,hard,math.discrete-mathematics.combinatorics.enumerative-combinatorics,curriculum_generated,src-ko-curriculum-v0.1,question_answer,ko.math.v0.1.math.discrete-mathematics.combinatorics.enumerative-combinatorics,false,false,approved,curriculum_generated from ko.math.v0.1.math.discrete-mathematics.combinatorics.enumerative-combinatorics; lens=A; owner_approved_2026-09-05
كيف تطورت «التوافقيات العدّية» تاريخيًا؟ وما المشكلات التي أحدثت ولادتها وأبرز المحطات في تطورها؟,ar,decisive,T_time_evolution,,hard,math.discrete-mathematics.combinatorics.enumerative-combinatorics,curriculum_generated,src-ko-curriculum-v0.1,question_answer,ko.math.v0.1.math.discrete-mathematics.combinatorics.enumerative-combinatorics,false,false,approved,curriculum_generated from ko.math.v0.1.math.discrete-mathematics.combinatorics.enumerative-combinatorics; lens=T; owner_approved_2026-09-05
ما أثر «التوافقيات العدّية» على الإنسان وأصحاب المصلحة؟ وأين تظهر تطبيقاته العملية في الحياة والصناعة؟,ar,decisive,H_human_value_context,,hard,math.discrete-mathematics.combinatorics.enumerative-combinatorics,curriculum_generated,src-ko-curriculum-v0.1,question_answer,ko.math.v0.1.math.discrete-mathematics.combinatorics.enumerative-combinatorics,false,false,approved,curriculum_generated from ko.math.v0.1.math.discrete-mathematics.combinatorics.enumerative-combinatorics; lens=H; owner_approved_2026-09-05
من الأخطاء الشائعة عند دراسة «التوافقيات العدّية»: ما الفروق الدقيقة التي يخلط فيها المتعلمون بينه وبين المفاهيم المجاورة؟ (Require counting or enumeration of finite structures; route extremal objectives to Extremal Combinatorics.),mixed,decisive,R_structure_relations,,hard,math.discrete-mathematics.combinatorics.enumerative-combinatorics,curriculum_generated,src-ko-curriculum-v0.1,misconception_check,ko.math.v0.1.math.discrete-mathematics.combinatorics.enumerative-combinatorics,false,true,approved,curriculum_generated from ko.math.v0.1.math.discrete-mathematics.combinatorics.enumerative-combinatorics; lens=R; boundary_test; owner_approved_2026-09-05
ما موضوع «التوافقيات القصوى» وما الكيانات والمفاهيم الأساسية التي يتناولها؟ (The study of maximum or minimum size and structure of finite configurations subject to combinatorial constraints.),mixed,decisive,O_subject_ontology,,hard,math.discrete-mathematics.combinatorics.extremal-combinatorics,curriculum_generated,src-ko-curriculum-v0.1,question_answer,ko.math.v0.1.math.discrete-mathematics.combinatorics.extremal-combinatorics,false,false,approved,curriculum_generated from ko.math.v0.1.math.discrete-mathematics.combinatorics.extremal-combinatorics; lens=O; owner_approved_2026-09-05
عند دراسة «التوافقيات القصوى»: ما المراجع والأدلة الأساسية التي يستند إليها هذا الموضوع، وكيف نقيّم قوة كل دليل؟,ar,decisive,E_source_evidence,,hard,math.discrete-mathematics.combinatorics.extremal-combinatorics,curriculum_generated,src-ko-curriculum-v0.1,question_answer,ko.math.v0.1.math.discrete-mathematics.combinatorics.extremal-combinatorics,false,false,approved,curriculum_generated from ko.math.v0.1.math.discrete-mathematics.combinatorics.extremal-combinatorics; lens=E; owner_approved_2026-09-05
كيف يرتبط «التوافقيات القصوى» بموضوعه الأب «التوافقيات»؟ وما المفاهيم المجاورة التي تندرج معه تحت التخصص نفسه وما الحدود الفاصلة بينها؟,ar,decisive,R_structure_relations,,hard,math.discrete-mathematics.combinatorics.extremal-combinatorics,curriculum_generated,src-ko-curriculum-v0.1,question_answer,ko.math.v0.1.math.discrete-mathematics.combinatorics.extremal-combinatorics,false,false,approved,curriculum_generated from ko.math.v0.1.math.discrete-mathematics.combinatorics.extremal-combinatorics; lens=R; owner_approved_2026-09-05
ما معايير صحة المناهج والبراهين المستخدمة في «التوافقيات القصوى»؟ وكيف نتحقق من صحة نتيجة قبل قبولها في هذا المجال؟,ar,decisive,M_method_validation,,hard,math.discrete-mathematics.combinatorics.extremal-combinatorics,curriculum_generated,src-ko-curriculum-v0.1,question_answer,ko.math.v0.1.math.discrete-mathematics.combinatorics.extremal-combinatorics,false,false,approved,curriculum_generated from ko.math.v0.1.math.discrete-mathematics.combinatorics.extremal-combinatorics; lens=M; owner_approved_2026-09-05
كيف نطبق مفاهيم «التوافقيات القصوى» في مسألة عملية؟ اشرح خطوات الحل بمثال متدرج.,ar,decisive,A_function_application,,hard,math.discrete-mathematics.combinatorics.extremal-combinatorics,curriculum_generated,src-ko-curriculum-v0.1,question_answer,ko.math.v0.1.math.discrete-mathematics.combinatorics.extremal-combinatorics,false,false,approved,curriculum_generated from ko.math.v0.1.math.discrete-mathematics.combinatorics.extremal-combinatorics; lens=A; owner_approved_2026-09-05
كيف تطورت «التوافقيات القصوى» تاريخيًا؟ وما المشكلات التي أحدثت ولادتها وأبرز المحطات في تطورها؟,ar,decisive,T_time_evolution,,hard,math.discrete-mathematics.combinatorics.extremal-combinatorics,curriculum_generated,src-ko-curriculum-v0.1,question_answer,ko.math.v0.1.math.discrete-mathematics.combinatorics.extremal-combinatorics,false,false,approved,curriculum_generated from ko.math.v0.1.math.discrete-mathematics.combinatorics.extremal-combinatorics; lens=T; owner_approved_2026-09-05
ما أثر «التوافقيات القصوى» على الإنسان وأصحاب المصلحة؟ وأين تظهر تطبيقاته العملية في الحياة والصناعة؟,ar,decisive,H_human_value_context,,hard,math.discrete-mathematics.combinatorics.extremal-combinatorics,curriculum_generated,src-ko-curriculum-v0.1,question_answer,ko.math.v0.1.math.discrete-mathematics.combinatorics.extremal-combinatorics,false,false,approved,curriculum_generated from ko.math.v0.1.math.discrete-mathematics.combinatorics.extremal-combinatorics; lens=H; owner_approved_2026-09-05
من الأخطاء الشائعة عند دراسة «التوافقيات القصوى»: ما الفروق الدقيقة التي يخلط فيها المتعلمون بينه وبين المفاهيم المجاورة؟ (Require a finite combinatorial object and an extremal size or forbidden-structure question.),mixed,decisive,R_structure_relations,,hard,math.discrete-mathematics.combinatorics.extremal-combinatorics,curriculum_generated,src-ko-curriculum-v0.1,misconception_check,ko.math.v0.1.math.discrete-mathematics.combinatorics.extremal-combinatorics,false,true,approved,curriculum_generated from ko.math.v0.1.math.discrete-mathematics.combinatorics.extremal-combinatorics; lens=R; boundary_test; owner_approved_2026-09-05
"ما موضوع «نظرية الرسوم البيانية البنيوية» وما الكيانات والمفاهيم الأساسية التي يتناولها؟ (The study of graph structure through connectivity, minors, decompositions, coloring, cycles, and structural invariants.)",mixed,decisive,O_subject_ontology,,hard,math.discrete-mathematics.graph-theory.structural-graph-theory,curriculum_generated,src-ko-curriculum-v0.1,question_answer,ko.math.v0.1.math.discrete-mathematics.graph-theory.structural-graph-theory,false,false,approved,curriculum_generated from ko.math.v0.1.math.discrete-mathematics.graph-theory.structural-graph-theory; lens=O; owner_approved_2026-09-05
عند دراسة «نظرية الرسوم البيانية البنيوية»: ما المراجع والأدلة الأساسية التي يستند إليها هذا الموضوع، وكيف نقيّم قوة كل دليل؟,ar,decisive,E_source_evidence,,hard,math.discrete-mathematics.graph-theory.structural-graph-theory,curriculum_generated,src-ko-curriculum-v0.1,question_answer,ko.math.v0.1.math.discrete-mathematics.graph-theory.structural-graph-theory,false,false,approved,curriculum_generated from ko.math.v0.1.math.discrete-mathematics.graph-theory.structural-graph-theory; lens=E; owner_approved_2026-09-05
كيف يرتبط «نظرية الرسوم البيانية البنيوية» بموضوعه الأب «نظرية الرسوم البيانية»؟ وما المفاهيم المجاورة التي تندرج معه تحت التخصص نفسه وما الحدود الفاصلة بينها؟,ar,decisive,R_structure_relations,,hard,math.discrete-mathematics.graph-theory.structural-graph-theory,curriculum_generated,src-ko-curriculum-v0.1,question_answer,ko.math.v0.1.math.discrete-mathematics.graph-theory.structural-graph-theory,false,false,approved,curriculum_generated from ko.math.v0.1.math.discrete-mathematics.graph-theory.structural-graph-theory; lens=R; owner_approved_2026-09-05
ما معايير صحة المناهج والبراهين المستخدمة في «نظرية الرسوم البيانية البنيوية»؟ وكيف نتحقق من صحة نتيجة قبل قبولها في هذا المجال؟,ar,decisive,M_method_validation,,hard,math.discrete-mathematics.graph-theory.structural-graph-theory,curriculum_generated,src-ko-curriculum-v0.1,question_answer,ko.math.v0.1.math.discrete-mathematics.graph-theory.structural-graph-theory,false,false,approved,curriculum_generated from ko.math.v0.1.math.discrete-mathematics.graph-theory.structural-graph-theory; lens=M; owner_approved_2026-09-05
كيف نطبق مفاهيم «نظرية الرسوم البيانية البنيوية» في مسألة عملية؟ اشرح خطوات الحل بمثال متدرج.,ar,decisive,A_function_application,,hard,math.discrete-mathematics.graph-theory.structural-graph-theory,curriculum_generated,src-ko-curriculum-v0.1,question_answer,ko.math.v0.1.math.discrete-mathematics.graph-theory.structural-graph-theory,false,false,approved,curriculum_generated from ko.math.v0.1.math.discrete-mathematics.graph-theory.structural-graph-theory; lens=A; owner_approved_2026-09-05
كيف تطورت «نظرية الرسوم البيانية البنيوية» تاريخيًا؟ وما المشكلات التي أحدثت ولادتها وأبرز المحطات في تطورها؟,ar,decisive,T_time_evolution,,hard,math.discrete-mathematics.graph-theory.structural-graph-theory,curriculum_generated,src-ko-curriculum-v0.1,question_answer,ko.math.v0.1.math.discrete-mathematics.graph-theory.structural-graph-theory,false,false,approved,curriculum_generated from ko.math.v0.1.math.discrete-mathematics.graph-theory.structural-graph-theory; lens=T; owner_approved_2026-09-05
ما أثر «نظرية الرسوم البيانية البنيوية» على الإنسان وأصحاب المصلحة؟ وأين تظهر تطبيقاته العملية في الحياة والصناعة؟,ar,decisive,H_human_value_context,,hard,math.discrete-mathematics.graph-theory.structural-graph-theory,curriculum_generated,src-ko-curriculum-v0.1,question_answer,ko.math.v0.1.math.discrete-mathematics.graph-theory.structural-graph-theory,false,false,approved,curriculum_generated from ko.math.v0.1.math.discrete-mathematics.graph-theory.structural-graph-theory; lens=H; owner_approved_2026-09-05
من الأخطاء الشائعة عند دراسة «نظرية الرسوم البيانية البنيوية»: ما الفروق الدقيقة التي يخلط فيها المتعلمون بينه وبين المفاهيم المجاورة؟ (Require a structural property or graph class; route algorithmic procedure emphasis to Graph Algorithms.),mixed,decisive,R_structure_relations,,hard,math.discrete-mathematics.graph-theory.structural-graph-theory,curriculum_generated,src-ko-curriculum-v0.1,misconception_check,ko.math.v0.1.math.discrete-mathematics.graph-theory.structural-graph-theory,false,true,approved,curriculum_generated from ko.math.v0.1.math.discrete-mathematics.graph-theory.structural-graph-theory; lens=R; boundary_test; owner_approved_2026-09-05
"ما موضوع «خوارزميات الرسوم البيانية» وما الكيانات والمفاهيم الأساسية التي يتناولها؟ (The study of algorithms whose inputs, outputs, or correctness properties are expressed using graph structures.)",mixed,decisive,O_subject_ontology,,hard,math.discrete-mathematics.graph-theory.graph-algorithms,curriculum_generated,src-ko-curriculum-v0.1,question_answer,ko.math.v0.1.math.discrete-mathematics.graph-theory.graph-algorithms,false,false,approved,curriculum_generated from ko.math.v0.1.math.discrete-mathematics.graph-theory.graph-algorithms; lens=O; owner_approved_2026-09-05
عند دراسة «خوارزميات الرسوم البيانية»: ما المراجع والأدلة الأساسية التي يستند إليها هذا الموضوع، وكيف نقيّم قوة كل دليل؟,ar,decisive,E_source_evidence,,hard,math.discrete-mathematics.graph-theory.graph-algorithms,curriculum_generated,src-ko-curriculum-v0.1,question_answer,ko.math.v0.1.math.discrete-mathematics.graph-theory.graph-algorithms,false,false,approved,curriculum_generated from ko.math.v0.1.math.discrete-mathematics.graph-theory.graph-algorithms; lens=E; owner_approved_2026-09-05
كيف يرتبط «خوارزميات الرسوم البيانية» بموضوعه الأب «نظرية الرسوم البيانية»؟ وما المفاهيم المجاورة التي تندرج معه تحت التخصص نفسه وما الحدود الفاصلة بينها؟,ar,decisive,R_structure_relations,,hard,math.discrete-mathematics.graph-theory.graph-algorithms,curriculum_generated,src-ko-curriculum-v0.1,question_answer,ko.math.v0.1.math.discrete-mathematics.graph-theory.graph-algorithms,false,false,approved,curriculum_generated from ko.math.v0.1.math.discrete-mathematics.graph-theory.graph-algorithms; lens=R; owner_approved_2026-09-05
ما معايير صحة المناهج والبراهين المستخدمة في «خوارزميات الرسوم البيانية»؟ وكيف نتحقق من صحة نتيجة قبل قبولها في هذا المجال؟,ar,decisive,M_method_validation,,hard,math.discrete-mathematics.graph-theory.graph-algorithms,curriculum_generated,src-ko-curriculum-v0.1,question_answer,ko.math.v0.1.math.discrete-mathematics.graph-theory.graph-algorithms,false,false,approved,curriculum_generated from ko.math.v0.1.math.discrete-mathematics.graph-theory.graph-algorithms; lens=M; owner_approved_2026-09-05
كيف نطبق مفاهيم «خوارزميات الرسوم البيانية» في مسألة عملية؟ اشرح خطوات الحل بمثال متدرج.,ar,decisive,A_function_application,,hard,math.discrete-mathematics.graph-theory.graph-algorithms,curriculum_generated,src-ko-curriculum-v0.1,question_answer,ko.math.v0.1.math.discrete-mathematics.graph-theory.graph-algorithms,false,false,approved,curriculum_generated from ko.math.v0.1.math.discrete-mathematics.graph-theory.graph-algorithms; lens=A; owner_approved_2026-09-05
كيف تطورت «خوارزميات الرسوم البيانية» تاريخيًا؟ وما المشكلات التي أحدثت ولادتها وأبرز المحطات في تطورها؟,ar,decisive,T_time_evolution,,hard,math.discrete-mathematics.graph-theory.graph-algorithms,curriculum_generated,src-ko-curriculum-v0.1,question_answer,ko.math.v0.1.math.discrete-mathematics.graph-theory.graph-algorithms,false,false,approved,curriculum_generated from ko.math.v0.1.math.discrete-mathematics.graph-theory.graph-algorithms; lens=T; owner_approved_2026-09-05
ما أثر «خوارزميات الرسوم البيانية» على الإنسان وأصحاب المصلحة؟ وأين تظهر تطبيقاته العملية في الحياة والصناعة؟,ar,decisive,H_human_value_context,,hard,math.discrete-mathematics.graph-theory.graph-algorithms,curriculum_generated,src-ko-curriculum-v0.1,question_answer,ko.math.v0.1.math.discrete-mathematics.graph-theory.graph-algorithms,false,false,approved,curriculum_generated from ko.math.v0.1.math.discrete-mathematics.graph-theory.graph-algorithms; lens=H; owner_approved_2026-09-05
من الأخطاء الشائعة عند دراسة «خوارزميات الرسوم البيانية»: ما الفروق الدقيقة التي يخلط فيها المتعلمون بينه وبين المفاهيم المجاورة؟ (Require graph structure in the formal problem; route general algorithms without graph structure outside this Mathematics pilot.),mixed,decisive,R_structure_relations,,hard,math.discrete-mathematics.graph-theory.graph-algorithms,curriculum_generated,src-ko-curriculum-v0.1,misconception_check,ko.math.v0.1.math.discrete-mathematics.graph-theory.graph-algorithms,false,true,approved,curriculum_generated from ko.math.v0.1.math.discrete-mathematics.graph-theory.graph-algorithms; lens=R; boundary_test; owner_approved_2026-09-05
"ما موضوع «نظرية المجموعات» وما الكيانات والمفاهيم الأساسية التي يتناولها؟ (The study of sets, membership, cardinality, ordinal structure, axioms, and constructions used as mathematical foundations.)",mixed,decisive,O_subject_ontology,,hard,math.discrete-mathematics.mathematical-logic.set-theory,curriculum_generated,src-ko-curriculum-v0.1,question_answer,ko.math.v0.1.math.discrete-mathematics.mathematical-logic.set-theory,false,false,approved,curriculum_generated from ko.math.v0.1.math.discrete-mathematics.mathematical-logic.set-theory; lens=O; owner_approved_2026-09-05
عند دراسة «نظرية المجموعات»: ما المراجع والأدلة الأساسية التي يستند إليها هذا الموضوع، وكيف نقيّم قوة كل دليل؟,ar,decisive,E_source_evidence,,hard,math.discrete-mathematics.mathematical-logic.set-theory,curriculum_generated,src-ko-curriculum-v0.1,question_answer,ko.math.v0.1.math.discrete-mathematics.mathematical-logic.set-theory,false,false,approved,curriculum_generated from ko.math.v0.1.math.discrete-mathematics.mathematical-logic.set-theory; lens=E; owner_approved_2026-09-05
كيف يرتبط «نظرية المجموعات» بموضوعه الأب «المنطق الرياضي»؟ وما المفاهيم المجاورة التي تندرج معه تحت التخصص نفسه وما الحدود الفاصلة بينها؟,ar,decisive,R_structure_relations,,hard,math.discrete-mathematics.mathematical-logic.set-theory,curriculum_generated,src-ko-curriculum-v0.1,question_answer,ko.math.v0.1.math.discrete-mathematics.mathematical-logic.set-theory,false,false,approved,curriculum_generated from ko.math.v0.1.math.discrete-mathematics.mathematical-logic.set-theory; lens=R; owner_approved_2026-09-05
ما معايير صحة المناهج والبراهين المستخدمة في «نظرية المجموعات»؟ وكيف نتحقق من صحة نتيجة قبل قبولها في هذا المجال؟,ar,decisive,M_method_validation,,hard,math.discrete-mathematics.mathematical-logic.set-theory,curriculum_generated,src-ko-curriculum-v0.1,question_answer,ko.math.v0.1.math.discrete-mathematics.mathematical-logic.set-theory,false,false,approved,curriculum_generated from ko.math.v0.1.math.discrete-mathematics.mathematical-logic.set-theory; lens=M; owner_approved_2026-09-05
كيف نطبق مفاهيم «نظرية المجموعات» في مسألة عملية؟ اشرح خطوات الحل بمثال متدرج.,ar,decisive,A_function_application,,hard,math.discrete-mathematics.mathematical-logic.set-theory,curriculum_generated,src-ko-curriculum-v0.1,question_answer,ko.math.v0.1.math.discrete-mathematics.mathematical-logic.set-theory,false,false,approved,curriculum_generated from ko.math.v0.1.math.discrete-mathematics.mathematical-logic.set-theory; lens=A; owner_approved_2026-09-05
كيف تطورت «نظرية المجموعات» تاريخيًا؟ وما المشكلات التي أحدثت ولادتها وأبرز المحطات في تطورها؟,ar,decisive,T_time_evolution,,hard,math.discrete-mathematics.mathematical-logic.set-theory,curriculum_generated,src-ko-curriculum-v0.1,question_answer,ko.math.v0.1.math.discrete-mathematics.mathematical-logic.set-theory,false,false,approved,curriculum_generated from ko.math.v0.1.math.discrete-mathematics.mathematical-logic.set-theory; lens=T; owner_approved_2026-09-05
ما أثر «نظرية المجموعات» على الإنسان وأصحاب المصلحة؟ وأين تظهر تطبيقاته العملية في الحياة والصناعة؟,ar,decisive,H_human_value_context,,hard,math.discrete-mathematics.mathematical-logic.set-theory,curriculum_generated,src-ko-curriculum-v0.1,question_answer,ko.math.v0.1.math.discrete-mathematics.mathematical-logic.set-theory,false,false,approved,curriculum_generated from ko.math.v0.1.math.discrete-mathematics.mathematical-logic.set-theory; lens=H; owner_approved_2026-09-05
"من الأخطاء الشائعة عند دراسة «نظرية المجموعات»: ما الفروق الدقيقة التي يخلط فيها المتعلمون بينه وبين المفاهيم المجاورة؟ (Require mathematical set-theoretic objects, axioms, or cardinal/ordinal reasoning.)",mixed,decisive,R_structure_relations,,hard,math.discrete-mathematics.mathematical-logic.set-theory,curriculum_generated,src-ko-curriculum-v0.1,misconception_check,ko.math.v0.1.math.discrete-mathematics.mathematical-logic.set-theory,false,true,approved,curriculum_generated from ko.math.v0.1.math.discrete-mathematics.mathematical-logic.set-theory; lens=R; boundary_test; owner_approved_2026-09-05
"ما موضوع «نظرية القابلية للحوسبة» وما الكيانات والمفاهيم الأساسية التي يتناولها؟ (The study of which functions and problems can be computed, with what resources, and by which formal models of computation.)",mixed,decisive,O_subject_ontology,,hard,math.discrete-mathematics.mathematical-logic.computability-theory,curriculum_generated,src-ko-curriculum-v0.1,question_answer,ko.math.v0.1.math.discrete-mathematics.mathematical-logic.computability-theory,false,false,approved,curriculum_generated from ko.math.v0.1.math.discrete-mathematics.mathematical-logic.computability-theory; lens=O; owner_approved_2026-09-05
عند دراسة «نظرية القابلية للحوسبة»: ما المراجع والأدلة الأساسية التي يستند إليها هذا الموضوع، وكيف نقيّم قوة كل دليل؟,ar,decisive,E_source_evidence,,hard,math.discrete-mathematics.mathematical-logic.computability-theory,curriculum_generated,src-ko-curriculum-v0.1,question_answer,ko.math.v0.1.math.discrete-mathematics.mathematical-logic.computability-theory,false,false,approved,curriculum_generated from ko.math.v0.1.math.discrete-mathematics.mathematical-logic.computability-theory; lens=E; owner_approved_2026-09-05
كيف يرتبط «نظرية القابلية للحوسبة» بموضوعه الأب «المنطق الرياضي»؟ وما المفاهيم المجاورة التي تندرج معه تحت التخصص نفسه وما الحدود الفاصلة بينها؟,ar,decisive,R_structure_relations,,hard,math.discrete-mathematics.mathematical-logic.computability-theory,curriculum_generated,src-ko-curriculum-v0.1,question_answer,ko.math.v0.1.math.discrete-mathematics.mathematical-logic.computability-theory,false,false,approved,curriculum_generated from ko.math.v0.1.math.discrete-mathematics.mathematical-logic.computability-theory; lens=R; owner_approved_2026-09-05
ما معايير صحة المناهج والبراهين المستخدمة في «نظرية القابلية للحوسبة»؟ وكيف نتحقق من صحة نتيجة قبل قبولها في هذا المجال؟,ar,decisive,M_method_validation,,hard,math.discrete-mathematics.mathematical-logic.computability-theory,curriculum_generated,src-ko-curriculum-v0.1,question_answer,ko.math.v0.1.math.discrete-mathematics.mathematical-logic.computability-theory,false,false,approved,curriculum_generated from ko.math.v0.1.math.discrete-mathematics.mathematical-logic.computability-theory; lens=M; owner_approved_2026-09-05
كيف نطبق مفاهيم «نظرية القابلية للحوسبة» في مسألة عملية؟ اشرح خطوات الحل بمثال متدرج.,ar,decisive,A_function_application,,hard,math.discrete-mathematics.mathematical-logic.computability-theory,curriculum_generated,src-ko-curriculum-v0.1,question_answer,ko.math.v0.1.math.discrete-mathematics.mathematical-logic.computability-theory,false,false,approved,curriculum_generated from ko.math.v0.1.math.discrete-mathematics.mathematical-logic.computability-theory; lens=A; owner_approved_2026-09-05
كيف تطورت «نظرية القابلية للحوسبة» تاريخيًا؟ وما المشكلات التي أحدثت ولادتها وأبرز المحطات في تطورها؟,ar,decisive,T_time_evolution,,hard,math.discrete-mathematics.mathematical-logic.computability-theory,curriculum_generated,src-ko-curriculum-v0.1,question_answer,ko.math.v0.1.math.discrete-mathematics.mathematical-logic.computability-theory,false,false,approved,curriculum_generated from ko.math.v0.1.math.discrete-mathematics.mathematical-logic.computability-theory; lens=T; owner_approved_2026-09-05
ما أثر «نظرية القابلية للحوسبة» على الإنسان وأصحاب المصلحة؟ وأين تظهر تطبيقاته العملية في الحياة والصناعة؟,ar,decisive,H_human_value_context,,hard,math.discrete-mathematics.mathematical-logic.computability-theory,curriculum_generated,src-ko-curriculum-v0.1,question_answer,ko.math.v0.1.math.discrete-mathematics.mathematical-logic.computability-theory,false,false,approved,curriculum_generated from ko.math.v0.1.math.discrete-mathematics.mathematical-logic.computability-theory; lens=H; owner_approved_2026-09-05
من الأخطاء الشائعة عند دراسة «نظرية القابلية للحوسبة»: ما الفروق الدقيقة التي يخلط فيها المتعلمون بينه وبين المفاهيم المجاورة؟ (Require a formal computability or decidability question; exclude implementation performance alone.),mixed,decisive,R_structure_relations,,hard,math.discrete-mathematics.mathematical-logic.computability-theory,curriculum_generated,src-ko-curriculum-v0.1,misconception_check,ko.math.v0.1.math.discrete-mathematics.mathematical-logic.computability-theory,false,true,approved,curriculum_generated from ko.math.v0.1.math.discrete-mathematics.mathematical-logic.computability-theory; lens=R; boundary_test; owner_approved_2026-09-05
"ما موضوع «نظرية البرهان» وما الكيانات والمفاهيم الأساسية التي يتناولها؟ (The study of formal proofs as mathematical objects, including proof systems, consistency, normalization, and proof strength.)",mixed,decisive,O_subject_ontology,,hard,math.discrete-mathematics.mathematical-logic.proof-theory,curriculum_generated,src-ko-curriculum-v0.1,question_answer,ko.math.v0.1.math.discrete-mathematics.mathematical-logic.proof-theory,false,false,approved,curriculum_generated from ko.math.v0.1.math.discrete-mathematics.mathematical-logic.proof-theory; lens=O; owner_approved_2026-09-05
عند دراسة «نظرية البرهان»: ما المراجع والأدلة الأساسية التي يستند إليها هذا الموضوع، وكيف نقيّم قوة كل دليل؟,ar,decisive,E_source_evidence,,hard,math.discrete-mathematics.mathematical-logic.proof-theory,curriculum_generated,src-ko-curriculum-v0.1,question_answer,ko.math.v0.1.math.discrete-mathematics.mathematical-logic.proof-theory,false,false,approved,curriculum_generated from ko.math.v0.1.math.discrete-mathematics.mathematical-logic.proof-theory; lens=E; owner_approved_2026-09-05
كيف يرتبط «نظرية البرهان» بموضوعه الأب «المنطق الرياضي»؟ وما المفاهيم المجاورة التي تندرج معه تحت التخصص نفسه وما الحدود الفاصلة بينها؟,ar,decisive,R_structure_relations,,hard,math.discrete-mathematics.mathematical-logic.proof-theory,curriculum_generated,src-ko-curriculum-v0.1,question_answer,ko.math.v0.1.math.discrete-mathematics.mathematical-logic.proof-theory,false,false,approved,curriculum_generated from ko.math.v0.1.math.discrete-mathematics.mathematical-logic.proof-theory; lens=R; owner_approved_2026-09-05
ما معايير صحة المناهج والبراهين المستخدمة في «نظرية البرهان»؟ وكيف نتحقق من صحة نتيجة قبل قبولها في هذا المجال؟,ar,decisive,M_method_validation,,hard,math.discrete-mathematics.mathematical-logic.proof-theory,curriculum_generated,src-ko-curriculum-v0.1,question_answer,ko.math.v0.1.math.discrete-mathematics.mathematical-logic.proof-theory,false,false,approved,curriculum_generated from ko.math.v0.1.math.discrete-mathematics.mathematical-logic.proof-theory; lens=M; owner_approved_2026-09-05
كيف نطبق مفاهيم «نظرية البرهان» في مسألة عملية؟ اشرح خطوات الحل بمثال متدرج.,ar,decisive,A_function_application,,hard,math.discrete-mathematics.mathematical-logic.proof-theory,curriculum_generated,src-ko-curriculum-v0.1,question_answer,ko.math.v0.1.math.discrete-mathematics.mathematical-logic.proof-theory,false,false,approved,curriculum_generated from ko.math.v0.1.math.discrete-mathematics.mathematical-logic.proof-theory; lens=A; owner_approved_2026-09-05
كيف تطورت «نظرية البرهان» تاريخيًا؟ وما المشكلات التي أحدثت ولادتها وأبرز المحطات في تطورها؟,ar,decisive,T_time_evolution,,hard,math.discrete-mathematics.mathematical-logic.proof-theory,curriculum_generated,src-ko-curriculum-v0.1,question_answer,ko.math.v0.1.math.discrete-mathematics.mathematical-logic.proof-theory,false,false,approved,curriculum_generated from ko.math.v0.1.math.discrete-mathematics.mathematical-logic.proof-theory; lens=T; owner_approved_2026-09-05
ما أثر «نظرية البرهان» على الإنسان وأصحاب المصلحة؟ وأين تظهر تطبيقاته العملية في الحياة والصناعة؟,ar,decisive,H_human_value_context,,hard,math.discrete-mathematics.mathematical-logic.proof-theory,curriculum_generated,src-ko-curriculum-v0.1,question_answer,ko.math.v0.1.math.discrete-mathematics.mathematical-logic.proof-theory,false,false,approved,curriculum_generated from ko.math.v0.1.math.discrete-mathematics.mathematical-logic.proof-theory; lens=H; owner_approved_2026-09-05
من الأخطاء الشائعة عند دراسة «نظرية البرهان»: ما الفروق الدقيقة التي يخلط فيها المتعلمون بينه وبين المفاهيم المجاورة؟ (Require formal proof objects or proof-system properties; exclude general advice on writing proofs.),mixed,decisive,R_structure_relations,,hard,math.discrete-mathematics.mathematical-logic.proof-theory,curriculum_generated,src-ko-curriculum-v0.1,misconception_check,ko.math.v0.1.math.discrete-mathematics.mathematical-logic.proof-theory,false,true,approved,curriculum_generated from ko.math.v0.1.math.discrete-mathematics.mathematical-logic.proof-theory; lens=R; boundary_test; owner_approved_2026-09-05
"ما موضوع «الهندسة الإقليدية الكلاسيكية» وما الكيانات والمفاهيم الأساسية التي يتناولها؟ (The study of classical Euclidean figures and theorems involving incidence, congruence, similarity, angles, circles, and metric relations.)",mixed,decisive,O_subject_ontology,,hard,math.geometry.euclidean-geometry.classical-euclidean-geometry,curriculum_generated,src-ko-curriculum-v0.1,question_answer,ko.math.v0.1.math.geometry.euclidean-geometry.classical-euclidean-geometry,false,false,approved,curriculum_generated from ko.math.v0.1.math.geometry.euclidean-geometry.classical-euclidean-geometry; lens=O; owner_approved_2026-09-05
عند دراسة «الهندسة الإقليدية الكلاسيكية»: ما المراجع والأدلة الأساسية التي يستند إليها هذا الموضوع، وكيف نقيّم قوة كل دليل؟,ar,decisive,E_source_evidence,,hard,math.geometry.euclidean-geometry.classical-euclidean-geometry,curriculum_generated,src-ko-curriculum-v0.1,question_answer,ko.math.v0.1.math.geometry.euclidean-geometry.classical-euclidean-geometry,false,false,approved,curriculum_generated from ko.math.v0.1.math.geometry.euclidean-geometry.classical-euclidean-geometry; lens=E; owner_approved_2026-09-05
كيف يرتبط «الهندسة الإقليدية الكلاسيكية» بموضوعه الأب «الهندسة الإقليدية»؟ وما المفاهيم المجاورة التي تندرج معه تحت التخصص نفسه وما الحدود الفاصلة بينها؟,ar,decisive,R_structure_relations,,hard,math.geometry.euclidean-geometry.classical-euclidean-geometry,curriculum_generated,src-ko-curriculum-v0.1,question_answer,ko.math.v0.1.math.geometry.euclidean-geometry.classical-euclidean-geometry,false,false,approved,curriculum_generated from ko.math.v0.1.math.geometry.euclidean-geometry.classical-euclidean-geometry; lens=R; owner_approved_2026-09-05
ما معايير صحة المناهج والبراهين المستخدمة في «الهندسة الإقليدية الكلاسيكية»؟ وكيف نتحقق من صحة نتيجة قبل قبولها في هذا المجال؟,ar,decisive,M_method_validation,,hard,math.geometry.euclidean-geometry.classical-euclidean-geometry,curriculum_generated,src-ko-curriculum-v0.1,question_answer,ko.math.v0.1.math.geometry.euclidean-geometry.classical-euclidean-geometry,false,false,approved,curriculum_generated from ko.math.v0.1.math.geometry.euclidean-geometry.classical-euclidean-geometry; lens=M; owner_approved_2026-09-05
كيف نطبق مفاهيم «الهندسة الإقليدية الكلاسيكية» في مسألة عملية؟ اشرح خطوات الحل بمثال متدرج.,ar,decisive,A_function_application,,hard,math.geometry.euclidean-geometry.classical-euclidean-geometry,curriculum_generated,src-ko-curriculum-v0.1,question_answer,ko.math.v0.1.math.geometry.euclidean-geometry.classical-euclidean-geometry,false,false,approved,curriculum_generated from ko.math.v0.1.math.geometry.euclidean-geometry.classical-euclidean-geometry; lens=A; owner_approved_2026-09-05
كيف تطورت «الهندسة الإقليدية الكلاسيكية» تاريخيًا؟ وما المشكلات التي أحدثت ولادتها وأبرز المحطات في تطورها؟,ar,decisive,T_time_evolution,,hard,math.geometry.euclidean-geometry.classical-euclidean-geometry,curriculum_generated,src-ko-curriculum-v0.1,question_answer,ko.math.v0.1.math.geometry.euclidean-geometry.classical-euclidean-geometry,false,false,approved,curriculum_generated from ko.math.v0.1.math.geometry.euclidean-geometry.classical-euclidean-geometry; lens=T; owner_approved_2026-09-05
ما أثر «الهندسة الإقليدية الكلاسيكية» على الإنسان وأصحاب المصلحة؟ وأين تظهر تطبيقاته العملية في الحياة والصناعة؟,ar,decisive,H_human_value_context,,hard,math.geometry.euclidean-geometry.classical-euclidean-geometry,curriculum_generated,src-ko-curriculum-v0.1,question_answer,ko.math.v0.1.math.geometry.euclidean-geometry.classical-euclidean-geometry,false,false,approved,curriculum_generated from ko.math.v0.1.math.geometry.euclidean-geometry.classical-euclidean-geometry; lens=H; owner_approved_2026-09-05
من الأخطاء الشائعة عند دراسة «الهندسة الإقليدية الكلاسيكية»: ما الفروق الدقيقة التي يخلط فيها المتعلمون بينه وبين المفاهيم المجاورة؟ (Prefer synthetic or metric Euclidean reasoning; route coordinate-first problems to Coordinate Geometry.),mixed,decisive,R_structure_relations,,hard,math.geometry.euclidean-geometry.classical-euclidean-geometry,curriculum_generated,src-ko-curriculum-v0.1,misconception_check,ko.math.v0.1.math.geometry.euclidean-geometry.classical-euclidean-geometry,false,true,approved,curriculum_generated from ko.math.v0.1.math.geometry.euclidean-geometry.classical-euclidean-geometry; lens=R; boundary_test; owner_approved_2026-09-05
"ما موضوع «الهندسة الإحداثية» وما الكيانات والمفاهيم الأساسية التي يتناولها؟ (The study of geometric figures and relations represented by coordinates, equations, vectors, and transformations in Euclidean spaces.)",mixed,decisive,O_subject_ontology,,hard,math.geometry.analytic-geometry.coordinate-geometry,curriculum_generated,src-ko-curriculum-v0.1,question_answer,ko.math.v0.1.math.geometry.analytic-geometry.coordinate-geometry,false,false,approved,curriculum_generated from ko.math.v0.1.math.geometry.analytic-geometry.coordinate-geometry; lens=O; owner_approved_2026-09-05
عند دراسة «الهندسة الإحداثية»: ما المراجع والأدلة الأساسية التي يستند إليها هذا الموضوع، وكيف نقيّم قوة كل دليل؟,ar,decisive,E_source_evidence,,hard,math.geometry.analytic-geometry.coordinate-geometry,curriculum_generated,src-ko-curriculum-v0.1,question_answer,ko.math.v0.1.math.geometry.analytic-geometry.coordinate-geometry,false,false,approved,curriculum_generated from ko.math.v0.1.math.geometry.analytic-geometry.coordinate-geometry; lens=E; owner_approved_2026-09-05
كيف يرتبط «الهندسة الإحداثية» بموضوعه الأب «الهندسة التحليلية»؟ وما المفاهيم المجاورة التي تندرج معه تحت التخصص نفسه وما الحدود الفاصلة بينها؟,ar,decisive,R_structure_relations,,hard,math.geometry.analytic-geometry.coordinate-geometry,curriculum_generated,src-ko-curriculum-v0.1,question_answer,ko.math.v0.1.math.geometry.analytic-geometry.coordinate-geometry,false,false,approved,curriculum_generated from ko.math.v0.1.math.geometry.analytic-geometry.coordinate-geometry; lens=R; owner_approved_2026-09-05
ما معايير صحة المناهج والبراهين المستخدمة في «الهندسة الإحداثية»؟ وكيف نتحقق من صحة نتيجة قبل قبولها في هذا المجال؟,ar,decisive,M_method_validation,,hard,math.geometry.analytic-geometry.coordinate-geometry,curriculum_generated,src-ko-curriculum-v0.1,question_answer,ko.math.v0.1.math.geometry.analytic-geometry.coordinate-geometry,false,false,approved,curriculum_generated from ko.math.v0.1.math.geometry.analytic-geometry.coordinate-geometry; lens=M; owner_approved_2026-09-05
كيف نطبق مفاهيم «الهندسة الإحداثية» في مسألة عملية؟ اشرح خطوات الحل بمثال متدرج.,ar,decisive,A_function_application,,hard,math.geometry.analytic-geometry.coordinate-geometry,curriculum_generated,src-ko-curriculum-v0.1,question_answer,ko.math.v0.1.math.geometry.analytic-geometry.coordinate-geometry,false,false,approved,curriculum_generated from ko.math.v0.1.math.geometry.analytic-geometry.coordinate-geometry; lens=A; owner_approved_2026-09-05
كيف تطورت «الهندسة الإحداثية» تاريخيًا؟ وما المشكلات التي أحدثت ولادتها وأبرز المحطات في تطورها؟,ar,decisive,T_time_evolution,,hard,math.geometry.analytic-geometry.coordinate-geometry,curriculum_generated,src-ko-curriculum-v0.1,question_answer,ko.math.v0.1.math.geometry.analytic-geometry.coordinate-geometry,false,false,approved,curriculum_generated from ko.math.v0.1.math.geometry.analytic-geometry.coordinate-geometry; lens=T; owner_approved_2026-09-05
ما أثر «الهندسة الإحداثية» على الإنسان وأصحاب المصلحة؟ وأين تظهر تطبيقاته العملية في الحياة والصناعة؟,ar,decisive,H_human_value_context,,hard,math.geometry.analytic-geometry.coordinate-geometry,curriculum_generated,src-ko-curriculum-v0.1,question_answer,ko.math.v0.1.math.geometry.analytic-geometry.coordinate-geometry,false,false,approved,curriculum_generated from ko.math.v0.1.math.geometry.analytic-geometry.coordinate-geometry; lens=H; owner_approved_2026-09-05
"من الأخطاء الشائعة عند دراسة «الهندسة الإحداثية»: ما الفروق الدقيقة التي يخلط فيها المتعلمون بينه وبين المفاهيم المجاورة؟ (Require coordinates, equations, or coordinate transformations as the primary method.)",mixed,decisive,R_structure_relations,,hard,math.geometry.analytic-geometry.coordinate-geometry,curriculum_generated,src-ko-curriculum-v0.1,misconception_check,ko.math.v0.1.math.geometry.analytic-geometry.coordinate-geometry,false,true,approved,curriculum_generated from ko.math.v0.1.math.geometry.analytic-geometry.coordinate-geometry; lens=R; boundary_test; owner_approved_2026-09-05
"ما موضوع «المنحنيات والأسطح» وما الكيانات والمفاهيم الأساسية التي يتناولها؟ (The study of smooth curves and surfaces through parametrization, curvature, tangent spaces, metrics, and local or global geometric properties.)",mixed,decisive,O_subject_ontology,,hard,math.geometry.differential-geometry.curves-and-surfaces,curriculum_generated,src-ko-curriculum-v0.1,question_answer,ko.math.v0.1.math.geometry.differential-geometry.curves-and-surfaces,false,false,approved,curriculum_generated from ko.math.v0.1.math.geometry.differential-geometry.curves-and-surfaces; lens=O; owner_approved_2026-09-05
عند دراسة «المنحنيات والأسطح»: ما المراجع والأدلة الأساسية التي يستند إليها هذا الموضوع، وكيف نقيّم قوة كل دليل؟,ar,decisive,E_source_evidence,,hard,math.geometry.differential-geometry.curves-and-surfaces,curriculum_generated,src-ko-curriculum-v0.1,question_answer,ko.math.v0.1.math.geometry.differential-geometry.curves-and-surfaces,false,false,approved,curriculum_generated from ko.math.v0.1.math.geometry.differential-geometry.curves-and-surfaces; lens=E; owner_approved_2026-09-05
كيف يرتبط «المنحنيات والأسطح» بموضوعه الأب «الهندسة التفاضلية»؟ وما المفاهيم المجاورة التي تندرج معه تحت التخصص نفسه وما الحدود الفاصلة بينها؟,ar,decisive,R_structure_relations,,hard,math.geometry.differential-geometry.curves-and-surfaces,curriculum_generated,src-ko-curriculum-v0.1,question_answer,ko.math.v0.1.math.geometry.differential-geometry.curves-and-surfaces,false,false,approved,curriculum_generated from ko.math.v0.1.math.geometry.differential-geometry.curves-and-surfaces; lens=R; owner_approved_2026-09-05
ما معايير صحة المناهج والبراهين المستخدمة في «المنحنيات والأسطح»؟ وكيف نتحقق من صحة نتيجة قبل قبولها في هذا المجال؟,ar,decisive,M_method_validation,,hard,math.geometry.differential-geometry.curves-and-surfaces,curriculum_generated,src-ko-curriculum-v0.1,question_answer,ko.math.v0.1.math.geometry.differential-geometry.curves-and-surfaces,false,false,approved,curriculum_generated from ko.math.v0.1.math.geometry.differential-geometry.curves-and-surfaces; lens=M; owner_approved_2026-09-05
كيف نطبق مفاهيم «المنحنيات والأسطح» في مسألة عملية؟ اشرح خطوات الحل بمثال متدرج.,ar,decisive,A_function_application,,hard,math.geometry.differential-geometry.curves-and-surfaces,curriculum_generated,src-ko-curriculum-v0.1,question_answer,ko.math.v0.1.math.geometry.differential-geometry.curves-and-surfaces,false,false,approved,curriculum_generated from ko.math.v0.1.math.geometry.differential-geometry.curves-and-surfaces; lens=A; owner_approved_2026-09-05
كيف تطورت «المنحنيات والأسطح» تاريخيًا؟ وما المشكلات التي أحدثت ولادتها وأبرز المحطات في تطورها؟,ar,decisive,T_time_evolution,,hard,math.geometry.differential-geometry.curves-and-surfaces,curriculum_generated,src-ko-curriculum-v0.1,question_answer,ko.math.v0.1.math.geometry.differential-geometry.curves-and-surfaces,false,false,approved,curriculum_generated from ko.math.v0.1.math.geometry.differential-geometry.curves-and-surfaces; lens=T; owner_approved_2026-09-05
ما أثر «المنحنيات والأسطح» على الإنسان وأصحاب المصلحة؟ وأين تظهر تطبيقاته العملية في الحياة والصناعة؟,ar,decisive,H_human_value_context,,hard,math.geometry.differential-geometry.curves-and-surfaces,curriculum_generated,src-ko-curriculum-v0.1,question_answer,ko.math.v0.1.math.geometry.differential-geometry.curves-and-surfaces,false,false,approved,curriculum_generated from ko.math.v0.1.math.geometry.differential-geometry.curves-and-surfaces; lens=H; owner_approved_2026-09-05
من الأخطاء الشائعة عند دراسة «المنحنيات والأسطح»: ما الفروق الدقيقة التي يخلط فيها المتعلمون بينه وبين المفاهيم المجاورة؟ (Require a smooth curve or surface and a differential-geometric property; exclude purely elementary figures.),mixed,decisive,R_structure_relations,,hard,math.geometry.differential-geometry.curves-and-surfaces,curriculum_generated,src-ko-curriculum-v0.1,misconception_check,ko.math.v0.1.math.geometry.differential-geometry.curves-and-surfaces,false,true,approved,curriculum_generated from ko.math.v0.1.math.geometry.differential-geometry.curves-and-surfaces; lens=R; boundary_test; owner_approved_2026-09-05
